"Survey","Date","Count","Value","Site","Station","Month","Analyte"
"USBR",2024-10-01,24,761,"CLL","C2","10","SpC"
"USBR",2024-10-02,24,834,"CLL","C2","10","SpC"
"USBR",2024-10-03,24,1069,"CLL","C2","10","SpC"
"USBR",2024-10-04,24,1553,"CLL","C2","10","SpC"
"USBR",2024-10-05,24,1721,"CLL","C2","10","SpC"
"USBR",2024-10-06,24,2418,"CLL","C2","10","SpC"
"USBR",2024-10-07,24,3122,"CLL","C2","10","SpC"
"USBR",2024-10-08,24,4723,"CLL","C2","10","SpC"
"USBR",2024-10-09,24,5211,"CLL","C2","10","SpC"
"USBR",2024-10-10,24,4580,"CLL","C2","10","SpC"
"USBR",2024-10-11,24,4480,"CLL","C2","10","SpC"
"USBR",2024-10-12,24,4131,"CLL","C2","10","SpC"
"USBR",2024-10-13,24,3954,"CLL","C2","10","SpC"
"USBR",2024-10-14,24,4779,"CLL","C2","10","SpC"
"USBR",2024-10-15,24,4568,"CLL","C2","10","SpC"
"USBR",2024-10-16,24,4676,"CLL","C2","10","SpC"
"USBR",2024-10-17,24,5114,"CLL","C2","10","SpC"
"USBR",2024-10-18,24,5000,"CLL","C2","10","SpC"
"USBR",2024-10-19,24,4948,"CLL","C2","10","SpC"
"USBR",2024-10-20,24,5501,"CLL","C2","10","SpC"
"USBR",2024-10-21,24,6347,"CLL","C2","10","SpC"
"USBR",2024-10-22,24,6217,"CLL","C2","10","SpC"
"USBR",2024-10-23,24,5443,"CLL","C2","10","SpC"
"USBR",2024-10-24,24,4863,"CLL","C2","10","SpC"
"USBR",2024-10-25,24,5270,"CLL","C2","10","SpC"
"USBR",2024-10-26,24,5957,"CLL","C2","10","SpC"
"USBR",2024-10-27,24,6597,"CLL","C2","10","SpC"
"USBR",2024-10-28,24,7066,"CLL","C2","10","SpC"
"USBR",2024-10-29,24,7037,"CLL","C2","10","SpC"
"USBR",2024-10-30,24,7033,"CLL","C2","10","SpC"
"USBR",2024-10-31,24,7090,"CLL","C2","10","SpC"
"USBR",2024-11-01,24,7559,"CLL","C2","11","SpC"
"USBR",2024-11-02,24,8167,"CLL","C2","11","SpC"
"USBR",2024-11-03,24,8224,"CLL","C2","11","SpC"
"USBR",2024-11-04,24,7097,"CLL","C2","11","SpC"
"USBR",2024-11-05,24,7959,"CLL","C2","11","SpC"
"USBR",2024-11-06,24,8138,"CLL","C2","11","SpC"
"USBR",2024-11-07,24,6944,"CLL","C2","11","SpC"
"USBR",2024-11-08,24,6924,"CLL","C2","11","SpC"
"USBR",2024-11-09,24,7087,"CLL","C2","11","SpC"
"USBR",2024-11-10,24,7463,"CLL","C2","11","SpC"
"USBR",2024-11-11,24,8194,"CLL","C2","11","SpC"
"USBR",2024-11-12,24,7805,"CLL","C2","11","SpC"
"USBR",2024-11-13,24,7872,"CLL","C2","11","SpC"
"USBR",2024-11-14,24,8467,"CLL","C2","11","SpC"
"USBR",2024-11-15,24,9826,"CLL","C2","11","SpC"
"USBR",2024-11-16,24,9611,"CLL","C2","11","SpC"
"USBR",2024-11-17,24,9410,"CLL","C2","11","SpC"
"USBR",2024-11-18,24,9853,"CLL","C2","11","SpC"
"USBR",2024-11-19,24,8835,"CLL","C2","11","SpC"
"USBR",2024-11-20,24,8713,"CLL","C2","11","SpC"
"USBR",2024-11-21,24,8419,"CLL","C2","11","SpC"
"USBR",2024-11-22,24,8150,"CLL","C2","11","SpC"
"USBR",2024-11-23,24,6739,"CLL","C2","11","SpC"
"USBR",2024-11-24,24,4701,"CLL","C2","11","SpC"
"USBR",2024-11-25,24,3069,"CLL","C2","11","SpC"
"USBR",2024-11-26,24,2029,"CLL","C2","11","SpC"
"USBR",2024-11-27,24,1055,"CLL","C2","11","SpC"
"USBR",2024-11-28,24,738,"CLL","C2","11","SpC"
"USBR",2024-12-05,24,689,"CLL","C2","12","SpC"
"USBR",2024-12-06,24,543,"CLL","C2","12","SpC"
"USBR",2024-12-07,24,553,"CLL","C2","12","SpC"
"USBR",2024-12-08,24,764,"CLL","C2","12","SpC"
"USBR",2024-12-09,24,1016,"CLL","C2","12","SpC"
"USBR",2024-12-10,24,1336,"CLL","C2","12","SpC"
"USBR",2024-12-11,24,2322,"CLL","C2","12","SpC"
"USBR",2024-12-12,24,4640,"CLL","C2","12","SpC"
"USBR",2024-12-13,24,4661,"CLL","C2","12","SpC"
"USBR",2024-12-15,24,5135,"CLL","C2","12","SpC"
"USBR",2024-12-16,24,3387,"CLL","C2","12","SpC"
"USBR",2024-12-17,24,2375,"CLL","C2","12","SpC"
"USBR",2024-12-18,24,1087,"CLL","C2","12","SpC"
"USBR",2024-12-19,24,487,"CLL","C2","12","SpC"
"USBR",2024-12-20,24,353,"CLL","C2","12","SpC"
"USBR",2024-12-21,24,279,"CLL","C2","12","SpC"
"USBR",2024-12-22,24,261,"CLL","C2","12","SpC"
"USBR",2024-12-23,24,269,"CLL","C2","12","SpC"
"USBR",2025-01-25,24,2937,"CLL","C2","1","SpC"
"USBR",2025-01-26,24,2614,"CLL","C2","1","SpC"
"USBR",2025-01-27,24,2264,"CLL","C2","1","SpC"
"USBR",2025-01-28,24,2196,"CLL","C2","1","SpC"
"USBR",2025-01-29,24,2081,"CLL","C2","1","SpC"
"USBR",2025-01-30,24,1895,"CLL","C2","1","SpC"
"USBR",2025-01-31,24,1547,"CLL","C2","1","SpC"
"USBR",2025-02-01,24,1363,"CLL","C2","2","SpC"
"USBR",2025-02-02,24,1005,"CLL","C2","2","SpC"
"USBR",2025-02-03,24,656,"CLL","C2","2","SpC"
"USBR",2025-02-04,24,401,"CLL","C2","2","SpC"
"USBR",2025-02-05,24,195,"CLL","C2","2","SpC"
"USBR",2025-02-06,24,173,"CLL","C2","2","SpC"
"USBR",2025-02-07,24,149,"CLL","C2","2","SpC"
"USBR",2025-02-08,24,183,"CLL","C2","2","SpC"
"USBR",2025-02-09,24,158,"CLL","C2","2","SpC"
"USBR",2025-02-10,24,141,"CLL","C2","2","SpC"
"USBR",2025-02-11,24,142,"CLL","C2","2","SpC"
"USBR",2025-02-12,24,144,"CLL","C2","2","SpC"
"USBR",2025-02-13,24,143,"CLL","C2","2","SpC"
"USBR",2025-02-14,24,164,"CLL","C2","2","SpC"
"USBR",2025-02-15,24,182,"CLL","C2","2","SpC"
"USBR",2025-02-16,24,184,"CLL","C2","2","SpC"
"USBR",2025-02-17,24,186,"CLL","C2","2","SpC"
"USBR",2025-02-18,24,186,"CLL","C2","2","SpC"
"USBR",2025-02-19,24,177,"CLL","C2","2","SpC"
"USBR",2025-02-20,24,174,"CLL","C2","2","SpC"
"USBR",2025-02-21,24,174,"CLL","C2","2","SpC"
"USBR",2025-02-22,24,172,"CLL","C2","2","SpC"
"USBR",2025-02-23,24,157,"CLL","C2","2","SpC"
"USBR",2025-02-24,24,157,"CLL","C2","2","SpC"
"USBR",2025-02-25,24,150,"CLL","C2","2","SpC"
"USBR",2025-02-26,24,154,"CLL","C2","2","SpC"
"USBR",2025-02-27,24,162,"CLL","C2","2","SpC"
"USBR",2025-02-28,24,174,"CLL","C2","2","SpC"
"USBR",2025-03-01,24,194,"CLL","C2","3","SpC"
"USBR",2025-03-02,24,190,"CLL","C2","3","SpC"
"USBR",2025-03-03,24,184,"CLL","C2","3","SpC"
"USBR",2025-03-04,24,245,"CLL","C2","3","SpC"
"USBR",2025-03-05,24,276,"CLL","C2","3","SpC"
"USBR",2025-03-06,24,272,"CLL","C2","3","SpC"
"USBR",2025-03-07,24,270,"CLL","C2","3","SpC"
"USBR",2025-03-08,24,272,"CLL","C2","3","SpC"
"USBR",2025-03-09,24,289,"CLL","C2","3","SpC"
"USBR",2025-03-10,24,276,"CLL","C2","3","SpC"
"USBR",2025-03-11,24,270,"CLL","C2","3","SpC"
"USBR",2025-03-12,24,263,"CLL","C2","3","SpC"
"USBR",2025-03-13,24,260,"CLL","C2","3","SpC"
"USBR",2025-03-14,24,270,"CLL","C2","3","SpC"
"USBR",2025-03-15,24,267,"CLL","C2","3","SpC"
"USBR",2025-03-16,24,274,"CLL","C2","3","SpC"
"USBR",2025-03-17,24,275,"CLL","C2","3","SpC"
"USBR",2025-03-18,24,264,"CLL","C2","3","SpC"
"USBR",2025-03-19,24,278,"CLL","C2","3","SpC"
"USBR",2025-03-20,24,314,"CLL","C2","3","SpC"
"USBR",2025-03-21,24,292,"CLL","C2","3","SpC"
"USBR",2025-03-22,24,265,"CLL","C2","3","SpC"
"USBR",2025-03-23,24,251,"CLL","C2","3","SpC"
"USBR",2025-03-24,24,248,"CLL","C2","3","SpC"
"USBR",2025-03-25,24,234,"CLL","C2","3","SpC"
"USBR",2025-03-26,24,277,"CLL","C2","3","SpC"
"USBR",2025-04-19,24,145,"CLL","C2","4","SpC"
"USBR",2025-04-20,24,149,"CLL","C2","4","SpC"
"USBR",2025-04-21,24,149,"CLL","C2","4","SpC"
"USBR",2025-04-22,24,147,"CLL","C2","4","SpC"
"USBR",2025-04-23,24,147,"CLL","C2","4","SpC"
"USBR",2025-04-24,24,143,"CLL","C2","4","SpC"
"USBR",2025-04-25,24,142,"CLL","C2","4","SpC"
"USBR",2025-04-26,24,141,"CLL","C2","4","SpC"
"USBR",2025-04-27,24,141,"CLL","C2","4","SpC"
"USBR",2025-04-28,24,145,"CLL","C2","4","SpC"
"USBR",2025-04-29,24,151,"CLL","C2","4","SpC"
"USBR",2025-04-30,24,182,"CLL","C2","4","SpC"
"USBR",2025-06-09,24,2178,"CLL","C2","6","SpC"
"USBR",2025-06-10,24,2281,"CLL","C2","6","SpC"
"USBR",2025-06-11,24,2327,"CLL","C2","6","SpC"
"USBR",2025-06-12,24,2300,"CLL","C2","6","SpC"
"USBR",2025-06-13,24,2444,"CLL","C2","6","SpC"
"USBR",2025-06-14,24,2255,"CLL","C2","6","SpC"
"USBR",2025-06-15,24,2228,"CLL","C2","6","SpC"
"USBR",2025-06-16,24,2060,"CLL","C2","6","SpC"
"USBR",2025-06-17,24,1652,"CLL","C2","6","SpC"
"USBR",2025-06-18,24,1640,"CLL","C2","6","SpC"
"USBR",2025-06-19,24,1654,"CLL","C2","6","SpC"
"USBR",2025-06-20,24,1757,"CLL","C2","6","SpC"
"USBR",2025-06-21,24,1807,"CLL","C2","6","SpC"
"USBR",2025-06-22,24,2071,"CLL","C2","6","SpC"
"USBR",2025-06-23,24,3027,"CLL","C2","6","SpC"
"USBR",2025-06-24,24,3786,"CLL","C2","6","SpC"
"USBR",2025-06-25,24,3962,"CLL","C2","6","SpC"
"USBR",2025-06-26,24,3852,"CLL","C2","6","SpC"
"USBR",2025-06-27,24,3730,"CLL","C2","6","SpC"
"USBR",2025-06-28,24,3674,"CLL","C2","6","SpC"
"USBR",2025-06-29,24,3475,"CLL","C2","6","SpC"
"USBR",2025-06-30,24,3212,"CLL","C2","6","SpC"
"USBR",2025-07-01,24,2980,"CLL","C2","7","SpC"
"USBR",2025-07-02,24,2845,"CLL","C2","7","SpC"
"USBR",2025-07-03,24,2437,"CLL","C2","7","SpC"
"USBR",2025-07-04,24,2040,"CLL","C2","7","SpC"
"USBR",2025-07-05,24,2017,"CLL","C2","7","SpC"
"USBR",2025-07-06,24,2287,"CLL","C2","7","SpC"
"USBR",2025-07-07,24,3199,"CLL","C2","7","SpC"
"USBR",2025-07-08,24,3003,"CLL","C2","7","SpC"
"USBR",2025-07-09,24,2623,"CLL","C2","7","SpC"
"USBR",2025-07-10,24,2537,"CLL","C2","7","SpC"
"USBR",2025-07-11,24,3045,"CLL","C2","7","SpC"
"USBR",2025-07-12,24,3452,"CLL","C2","7","SpC"
"USBR",2025-07-13,24,3201,"CLL","C2","7","SpC"
"USBR",2025-07-14,24,2660,"CLL","C2","7","SpC"
"USBR",2025-07-15,24,2680,"CLL","C2","7","SpC"
"USBR",2025-07-16,24,2422,"CLL","C2","7","SpC"
"USBR",2025-07-17,24,1735,"CLL","C2","7","SpC"
"USBR",2025-07-18,24,1519,"CLL","C2","7","SpC"
"USBR",2025-07-19,24,1643,"CLL","C2","7","SpC"
"USBR",2025-07-20,24,1761,"CLL","C2","7","SpC"
"USBR",2025-07-22,24,1642,"CLL","C2","7","SpC"
"USBR",2025-07-23,24,1712,"CLL","C2","7","SpC"
"USBR",2025-07-24,24,1739,"CLL","C2","7","SpC"
"USBR",2025-07-25,24,1642,"CLL","C2","7","SpC"
"USBR",2025-07-26,24,1579,"CLL","C2","7","SpC"
"USBR",2025-07-27,24,1456,"CLL","C2","7","SpC"
"USBR",2025-07-28,24,1245,"CLL","C2","7","SpC"
"USBR",2025-07-29,24,1041,"CLL","C2","7","SpC"
"USBR",2025-07-30,24,861,"CLL","C2","7","SpC"
"USBR",2025-07-31,24,943,"CLL","C2","7","SpC"
"USBR",2025-08-01,24,1165,"CLL","C2","8","SpC"
"USBR",2025-08-02,24,1491,"CLL","C2","8","SpC"
"USBR",2025-08-03,24,1789,"CLL","C2","8","SpC"
"USBR",2025-08-04,24,2029,"CLL","C2","8","SpC"
"USBR",2025-08-05,24,2015,"CLL","C2","8","SpC"
"USBR",2025-08-06,24,1992,"CLL","C2","8","SpC"
"USBR",2025-08-07,24,2269,"CLL","C2","8","SpC"
"USBR",2025-08-08,24,2674,"CLL","C2","8","SpC"
"USBR",2025-08-09,24,2931,"CLL","C2","8","SpC"
"USBR",2025-08-10,24,2912,"CLL","C2","8","SpC"
"USBR",2025-08-11,24,2950,"CLL","C2","8","SpC"
"USBR",2025-08-12,24,2920,"CLL","C2","8","SpC"
"USBR",2025-08-13,24,2739,"CLL","C2","8","SpC"
"USBR",2025-08-14,24,2570,"CLL","C2","8","SpC"
"USBR",2025-08-15,24,2797,"CLL","C2","8","SpC"
"USBR",2025-08-16,24,3205,"CLL","C2","8","SpC"
"USBR",2025-08-17,24,3712,"CLL","C2","8","SpC"
"USBR",2025-08-18,24,4069,"CLL","C2","8","SpC"
"USBR",2025-08-19,24,3971,"CLL","C2","8","SpC"
"USBR",2025-08-20,24,4055,"CLL","C2","8","SpC"
"USBR",2025-08-21,24,4507,"CLL","C2","8","SpC"
"USBR",2025-08-22,24,5134,"CLL","C2","8","SpC"
"USBR",2025-08-23,24,5251,"CLL","C2","8","SpC"
"USBR",2025-08-24,24,5036,"CLL","C2","8","SpC"
"USBR",2025-08-25,24,4969,"CLL","C2","8","SpC"
"USBR",2025-08-26,24,4645,"CLL","C2","8","SpC"
"USBR",2025-08-27,24,4256,"CLL","C2","8","SpC"
"USBR",2025-08-28,24,4253,"CLL","C2","8","SpC"
"USBR",2025-08-29,24,4714,"CLL","C2","8","SpC"
"USBR",2025-08-30,24,4403,"CLL","C2","8","SpC"
"USBR",2025-08-31,24,4841,"CLL","C2","8","SpC"
"USBR",2025-09-01,24,5056,"CLL","C2","9","SpC"
"USBR",2025-09-02,24,6574,"CLL","C2","9","SpC"
"USBR",2025-09-03,24,6864,"CLL","C2","9","SpC"
"USBR",2025-09-04,24,6610,"CLL","C2","9","SpC"
"USBR",2025-09-05,24,6236,"CLL","C2","9","SpC"
"USBR",2025-09-06,24,6158,"CLL","C2","9","SpC"
"USBR",2025-09-07,24,5601,"CLL","C2","9","SpC"
"USBR",2025-09-08,24,5673,"CLL","C2","9","SpC"
"USBR",2025-09-09,24,5989,"CLL","C2","9","SpC"
"USBR",2025-09-10,24,6349,"CLL","C2","9","SpC"
"USBR",2025-09-11,24,6506,"CLL","C2","9","SpC"
"USBR",2025-09-12,24,7021,"CLL","C2","9","SpC"
"USBR",2025-09-13,24,7240,"CLL","C2","9","SpC"
"USBR",2025-09-14,24,7268,"CLL","C2","9","SpC"
"USBR",2025-09-15,24,6530,"CLL","C2","9","SpC"
"USBR",2025-09-16,24,6441,"CLL","C2","9","SpC"
"USBR",2025-09-17,24,7252,"CLL","C2","9","SpC"
"USBR",2025-09-18,24,8138,"CLL","C2","9","SpC"
"USBR",2025-09-19,24,8149,"CLL","C2","9","SpC"
"USBR",2025-09-20,24,7802,"CLL","C2","9","SpC"
"USBR",2025-09-21,24,7876,"CLL","C2","9","SpC"
"USBR",2025-09-22,24,7610,"CLL","C2","9","SpC"
"USBR",2025-09-23,24,7416,"CLL","C2","9","SpC"
"USBR",2025-09-24,24,8085,"CLL","C2","9","SpC"
"USBR",2025-09-25,24,8067,"CLL","C2","9","SpC"
"USBR",2025-09-26,24,8517,"CLL","C2","9","SpC"
"USBR",2025-09-27,24,9499,"CLL","C2","9","SpC"
"USBR",2025-09-28,24,8521,"CLL","C2","9","SpC"
"USBR",2025-09-29,24,7193,"CLL","C2","9","SpC"
"USBR",2025-09-30,24,7356,"CLL","C2","9","SpC"
"USBR",2024-10-01,24,304,"CNT","C5","10","SpC"
"USBR",2024-10-02,24,304,"CNT","C5","10","SpC"
"USBR",2024-10-03,24,304,"CNT","C5","10","SpC"
"USBR",2024-10-04,24,308,"CNT","C5","10","SpC"
"USBR",2024-10-05,24,314,"CNT","C5","10","SpC"
"USBR",2024-10-06,24,318,"CNT","C5","10","SpC"
"USBR",2024-10-07,24,318,"CNT","C5","10","SpC"
"USBR",2024-10-08,24,314,"CNT","C5","10","SpC"
"USBR",2024-10-09,24,308,"CNT","C5","10","SpC"
"USBR",2024-10-10,24,302,"CNT","C5","10","SpC"
"USBR",2024-10-11,24,298,"CNT","C5","10","SpC"
"USBR",2024-10-12,24,295,"CNT","C5","10","SpC"
"USBR",2024-10-13,24,295,"CNT","C5","10","SpC"
"USBR",2024-10-14,24,296,"CNT","C5","10","SpC"
"USBR",2024-10-15,24,299,"CNT","C5","10","SpC"
"USBR",2024-10-16,24,303,"CNT","C5","10","SpC"
"USBR",2024-10-17,24,307,"CNT","C5","10","SpC"
"USBR",2024-10-18,24,309,"CNT","C5","10","SpC"
"USBR",2024-10-19,24,311,"CNT","C5","10","SpC"
"USBR",2024-10-20,24,315,"CNT","C5","10","SpC"
"USBR",2024-10-21,24,327,"CNT","C5","10","SpC"
"USBR",2024-10-22,24,335,"CNT","C5","10","SpC"
"USBR",2024-10-23,24,335,"CNT","C5","10","SpC"
"USBR",2024-10-24,24,331,"CNT","C5","10","SpC"
"USBR",2024-10-25,24,325,"CNT","C5","10","SpC"
"USBR",2024-10-26,24,320,"CNT","C5","10","SpC"
"USBR",2024-10-27,24,316,"CNT","C5","10","SpC"
"USBR",2024-10-28,24,313,"CNT","C5","10","SpC"
"USBR",2024-10-29,24,311,"CNT","C5","10","SpC"
"USBR",2024-10-30,24,309,"CNT","C5","10","SpC"
"USBR",2024-10-31,24,308,"CNT","C5","10","SpC"
"USBR",2024-11-01,24,308,"CNT","C5","11","SpC"
"USBR",2024-11-02,24,316,"CNT","C5","11","SpC"
"USBR",2024-11-03,24,320,"CNT","C5","11","SpC"
"USBR",2024-11-04,24,322,"CNT","C5","11","SpC"
"USBR",2024-11-05,24,323,"CNT","C5","11","SpC"
"USBR",2024-11-06,24,326,"CNT","C5","11","SpC"
"USBR",2024-11-07,24,327,"CNT","C5","11","SpC"
"USBR",2024-11-08,24,331,"CNT","C5","11","SpC"
"USBR",2024-11-09,24,336,"CNT","C5","11","SpC"
"USBR",2024-11-10,24,339,"CNT","C5","11","SpC"
"USBR",2024-11-11,24,335,"CNT","C5","11","SpC"
"USBR",2024-11-12,24,325,"CNT","C5","11","SpC"
"USBR",2024-11-13,24,315,"CNT","C5","11","SpC"
"USBR",2024-11-14,24,310,"CNT","C5","11","SpC"
"USBR",2024-11-15,24,307,"CNT","C5","11","SpC"
"USBR",2024-11-16,24,307,"CNT","C5","11","SpC"
"USBR",2024-11-17,24,309,"CNT","C5","11","SpC"
"USBR",2024-11-18,24,316,"CNT","C5","11","SpC"
"USBR",2024-11-19,24,327,"CNT","C5","11","SpC"
"USBR",2024-11-20,24,343,"CNT","C5","11","SpC"
"USBR",2024-11-21,24,356,"CNT","C5","11","SpC"
"USBR",2024-11-22,24,369,"CNT","C5","11","SpC"
"USBR",2024-11-23,24,380,"CNT","C5","11","SpC"
"USBR",2024-11-24,24,392,"CNT","C5","11","SpC"
"USBR",2024-11-25,24,405,"CNT","C5","11","SpC"
"USBR",2024-11-26,24,420,"CNT","C5","11","SpC"
"USBR",2024-11-27,24,437,"CNT","C5","11","SpC"
"USBR",2024-11-28,24,460,"CNT","C5","11","SpC"
"USBR",2024-11-29,24,488,"CNT","C5","11","SpC"
"USBR",2024-11-30,24,518,"CNT","C5","11","SpC"
"USBR",2024-12-01,24,544,"CNT","C5","12","SpC"
"USBR",2024-12-02,24,560,"CNT","C5","12","SpC"
"USBR",2024-12-03,24,566,"CNT","C5","12","SpC"
"USBR",2024-12-04,24,565,"CNT","C5","12","SpC"
"USBR",2024-12-05,24,562,"CNT","C5","12","SpC"
"USBR",2024-12-06,24,558,"CNT","C5","12","SpC"
"USBR",2024-12-07,24,554,"CNT","C5","12","SpC"
"USBR",2024-12-08,24,550,"CNT","C5","12","SpC"
"USBR",2024-12-09,24,544,"CNT","C5","12","SpC"
"USBR",2024-12-10,24,542,"CNT","C5","12","SpC"
"USBR",2024-12-11,24,543,"CNT","C5","12","SpC"
"USBR",2024-12-12,24,544,"CNT","C5","12","SpC"
"USBR",2024-12-13,24,549,"CNT","C5","12","SpC"
"USBR",2024-12-14,24,553,"CNT","C5","12","SpC"
"USBR",2024-12-15,24,558,"CNT","C5","12","SpC"
"USBR",2024-12-16,24,563,"CNT","C5","12","SpC"
"USBR",2024-12-17,24,560,"CNT","C5","12","SpC"
"USBR",2024-12-18,24,557,"CNT","C5","12","SpC"
"USBR",2024-12-19,24,551,"CNT","C5","12","SpC"
"USBR",2024-12-20,24,550,"CNT","C5","12","SpC"
"USBR",2024-12-21,24,550,"CNT","C5","12","SpC"
"USBR",2024-12-22,24,548,"CNT","C5","12","SpC"
"USBR",2024-12-23,24,545,"CNT","C5","12","SpC"
"USBR",2024-12-24,24,540,"CNT","C5","12","SpC"
"USBR",2024-12-25,24,535,"CNT","C5","12","SpC"
"USBR",2024-12-26,24,531,"CNT","C5","12","SpC"
"USBR",2024-12-27,24,526,"CNT","C5","12","SpC"
"USBR",2024-12-28,24,520,"CNT","C5","12","SpC"
"USBR",2024-12-29,24,518,"CNT","C5","12","SpC"
"USBR",2024-12-30,24,514,"CNT","C5","12","SpC"
"USBR",2024-12-31,24,510,"CNT","C5","12","SpC"
"USBR",2025-01-01,24,488,"CNT","C5","1","SpC"
"USBR",2025-01-02,24,492,"CNT","C5","1","SpC"
"USBR",2025-01-03,24,483,"CNT","C5","1","SpC"
"USBR",2025-01-04,24,476,"CNT","C5","1","SpC"
"USBR",2025-01-05,24,464,"CNT","C5","1","SpC"
"USBR",2025-01-06,24,449,"CNT","C5","1","SpC"
"USBR",2025-01-07,24,430,"CNT","C5","1","SpC"
"USBR",2025-01-08,24,412,"CNT","C5","1","SpC"
"USBR",2025-01-09,24,395,"CNT","C5","1","SpC"
"USBR",2025-01-10,24,378,"CNT","C5","1","SpC"
"USBR",2025-01-11,24,360,"CNT","C5","1","SpC"
"USBR",2025-01-12,24,342,"CNT","C5","1","SpC"
"USBR",2025-01-13,24,326,"CNT","C5","1","SpC"
"USBR",2025-01-14,24,316,"CNT","C5","1","SpC"
"USBR",2025-01-15,24,303,"CNT","C5","1","SpC"
"USBR",2025-01-16,24,291,"CNT","C5","1","SpC"
"USBR",2025-01-17,24,286,"CNT","C5","1","SpC"
"USBR",2025-01-18,24,279,"CNT","C5","1","SpC"
"USBR",2025-01-19,24,273,"CNT","C5","1","SpC"
"USBR",2025-01-20,24,267,"CNT","C5","1","SpC"
"USBR",2025-01-21,24,263,"CNT","C5","1","SpC"
"USBR",2025-01-22,24,253,"CNT","C5","1","SpC"
"USBR",2025-01-23,24,244,"CNT","C5","1","SpC"
"USBR",2025-01-24,24,237,"CNT","C5","1","SpC"
"USBR",2025-02-12,24,224,"CNT","C5","2","SpC"
"USBR",2025-02-13,24,221,"CNT","C5","2","SpC"
"USBR",2025-02-14,24,218,"CNT","C5","2","SpC"
"USBR",2025-02-15,24,217,"CNT","C5","2","SpC"
"USBR",2025-02-16,24,216,"CNT","C5","2","SpC"
"USBR",2025-02-17,24,211,"CNT","C5","2","SpC"
"USBR",2025-02-18,24,210,"CNT","C5","2","SpC"
"USBR",2025-02-19,24,207,"CNT","C5","2","SpC"
"USBR",2025-02-20,24,202,"CNT","C5","2","SpC"
"USBR",2025-02-21,24,199,"CNT","C5","2","SpC"
"USBR",2025-02-22,24,196,"CNT","C5","2","SpC"
"USBR",2025-02-23,24,193,"CNT","C5","2","SpC"
"USBR",2025-02-24,24,191,"CNT","C5","2","SpC"
"USBR",2025-02-25,24,192,"CNT","C5","2","SpC"
"USBR",2025-02-26,24,191,"CNT","C5","2","SpC"
"USBR",2025-02-27,24,190,"CNT","C5","2","SpC"
"USBR",2025-02-28,24,189,"CNT","C5","2","SpC"
"USBR",2025-03-01,24,188,"CNT","C5","3","SpC"
"USBR",2025-03-02,24,188,"CNT","C5","3","SpC"
"USBR",2025-03-03,24,187,"CNT","C5","3","SpC"
"USBR",2025-05-02,24,198,"CNT","C5","5","SpC"
"USBR",2025-05-03,24,198,"CNT","C5","5","SpC"
"USBR",2025-05-04,24,199,"CNT","C5","5","SpC"
"USBR",2025-05-05,24,201,"CNT","C5","5","SpC"
"USBR",2025-05-06,24,202,"CNT","C5","5","SpC"
"USBR",2025-05-07,24,202,"CNT","C5","5","SpC"
"USBR",2025-05-08,24,201,"CNT","C5","5","SpC"
"USBR",2025-05-09,24,198,"CNT","C5","5","SpC"
"USBR",2025-05-10,24,194,"CNT","C5","5","SpC"
"USBR",2025-05-11,24,194,"CNT","C5","5","SpC"
"USBR",2025-05-12,24,195,"CNT","C5","5","SpC"
"USBR",2025-05-13,24,192,"CNT","C5","5","SpC"
"USBR",2025-05-14,24,191,"CNT","C5","5","SpC"
"USBR",2025-05-15,24,190,"CNT","C5","5","SpC"
"USBR",2025-05-16,24,191,"CNT","C5","5","SpC"
"USBR",2025-05-17,24,193,"CNT","C5","5","SpC"
"USBR",2025-05-18,24,195,"CNT","C5","5","SpC"
"USBR",2025-05-19,24,195,"CNT","C5","5","SpC"
"USBR",2025-05-20,24,194,"CNT","C5","5","SpC"
"USBR",2025-05-21,24,195,"CNT","C5","5","SpC"
"USBR",2025-05-22,24,198,"CNT","C5","5","SpC"
"USBR",2025-05-23,24,200,"CNT","C5","5","SpC"
"USBR",2025-05-24,24,198,"CNT","C5","5","SpC"
"USBR",2025-05-25,24,194,"CNT","C5","5","SpC"
"USBR",2025-05-26,24,187,"CNT","C5","5","SpC"
"USBR",2025-05-27,24,182,"CNT","C5","5","SpC"
"USBR",2025-05-28,24,179,"CNT","C5","5","SpC"
"USBR",2025-05-29,24,178,"CNT","C5","5","SpC"
"USBR",2025-05-30,24,178,"CNT","C5","5","SpC"
"USBR",2025-05-31,24,179,"CNT","C5","5","SpC"
"USBR",2025-06-01,24,180,"CNT","C5","6","SpC"
"USBR",2025-06-02,24,182,"CNT","C5","6","SpC"
"USBR",2025-06-03,24,184,"CNT","C5","6","SpC"
"USBR",2025-06-04,24,185,"CNT","C5","6","SpC"
"USBR",2025-06-05,24,185,"CNT","C5","6","SpC"
"USBR",2025-06-06,24,185,"CNT","C5","6","SpC"
"USBR",2025-06-07,24,186,"CNT","C5","6","SpC"
"USBR",2025-06-08,24,186,"CNT","C5","6","SpC"
"USBR",2025-06-09,24,194,"CNT","C5","6","SpC"
"USBR",2025-06-10,24,199,"CNT","C5","6","SpC"
"USBR",2025-06-11,24,201,"CNT","C5","6","SpC"
"USBR",2025-06-12,24,199,"CNT","C5","6","SpC"
"USBR",2025-06-13,24,214,"CNT","C5","6","SpC"
"USBR",2025-06-14,24,222,"CNT","C5","6","SpC"
"USBR",2025-06-15,24,227,"CNT","C5","6","SpC"
"USBR",2025-06-16,24,234,"CNT","C5","6","SpC"
"USBR",2025-06-17,24,240,"CNT","C5","6","SpC"
"USBR",2025-06-18,24,234,"CNT","C5","6","SpC"
"USBR",2025-06-19,24,242,"CNT","C5","6","SpC"
"USBR",2025-06-20,24,255,"CNT","C5","6","SpC"
"USBR",2025-06-21,24,247,"CNT","C5","6","SpC"
"USBR",2025-06-22,24,247,"CNT","C5","6","SpC"
"USBR",2025-06-23,24,245,"CNT","C5","6","SpC"
"USBR",2025-06-24,24,259,"CNT","C5","6","SpC"
"USBR",2025-06-25,24,267,"CNT","C5","6","SpC"
"USBR",2025-06-26,24,257,"CNT","C5","6","SpC"
"USBR",2025-06-27,24,271,"CNT","C5","6","SpC"
"USBR",2025-06-28,24,261,"CNT","C5","6","SpC"
"USBR",2025-06-29,24,259,"CNT","C5","6","SpC"
"USBR",2025-06-30,24,265,"CNT","C5","6","SpC"
"USBR",2025-07-01,24,268,"CNT","C5","7","SpC"
"USBR",2025-07-02,24,259,"CNT","C5","7","SpC"
"USBR",2025-07-03,24,267,"CNT","C5","7","SpC"
"USBR",2025-07-04,24,297,"CNT","C5","7","SpC"
"USBR",2025-07-05,24,305,"CNT","C5","7","SpC"
"USBR",2025-07-06,24,311,"CNT","C5","7","SpC"
"USBR",2025-07-07,24,311,"CNT","C5","7","SpC"
"USBR",2025-07-08,24,296,"CNT","C5","7","SpC"
"USBR",2025-07-09,24,290,"CNT","C5","7","SpC"
"USBR",2025-07-10,24,283,"CNT","C5","7","SpC"
"USBR",2025-07-11,24,277,"CNT","C5","7","SpC"
"USBR",2025-07-12,24,270,"CNT","C5","7","SpC"
"USBR",2025-07-13,24,259,"CNT","C5","7","SpC"
"USBR",2025-07-14,24,247,"CNT","C5","7","SpC"
"USBR",2025-07-15,24,235,"CNT","C5","7","SpC"
"USBR",2025-07-16,24,226,"CNT","C5","7","SpC"
"USBR",2025-07-17,24,247,"CNT","C5","7","SpC"
"USBR",2025-07-18,24,259,"CNT","C5","7","SpC"
"USBR",2025-07-19,24,255,"CNT","C5","7","SpC"
"USBR",2025-07-21,24,243,"CNT","C5","7","SpC"
"USBR",2025-07-22,24,240,"CNT","C5","7","SpC"
"USBR",2025-07-23,24,237,"CNT","C5","7","SpC"
"USBR",2025-07-24,24,240,"CNT","C5","7","SpC"
"USBR",2025-07-25,24,241,"CNT","C5","7","SpC"
"USBR",2025-07-26,24,242,"CNT","C5","7","SpC"
"USBR",2025-07-27,24,247,"CNT","C5","7","SpC"
"USBR",2025-07-28,24,249,"CNT","C5","7","SpC"
"USBR",2025-07-29,24,250,"CNT","C5","7","SpC"
"USBR",2025-07-30,24,251,"CNT","C5","7","SpC"
"USBR",2025-07-31,24,250,"CNT","C5","7","SpC"
"USBR",2025-08-01,24,256,"CNT","C5","8","SpC"
"USBR",2025-08-02,24,259,"CNT","C5","8","SpC"
"USBR",2025-08-03,24,260,"CNT","C5","8","SpC"
"USBR",2025-08-04,24,264,"CNT","C5","8","SpC"
"USBR",2025-08-05,24,264,"CNT","C5","8","SpC"
"USBR",2025-08-06,24,271,"CNT","C5","8","SpC"
"USBR",2025-08-07,24,261,"CNT","C5","8","SpC"
"USBR",2025-08-08,24,275,"CNT","C5","8","SpC"
"USBR",2025-08-09,24,257,"CNT","C5","8","SpC"
"USBR",2025-08-10,24,279,"CNT","C5","8","SpC"
"USBR",2025-08-11,24,272,"CNT","C5","8","SpC"
"USBR",2025-08-12,24,272,"CNT","C5","8","SpC"
"USBR",2024-10-02,24,290,"DMC","DMC1","10","SpC"
"USBR",2024-10-03,24,275,"DMC","DMC1","10","SpC"
"USBR",2024-10-04,24,277,"DMC","DMC1","10","SpC"
"USBR",2024-10-05,24,276,"DMC","DMC1","10","SpC"
"USBR",2024-10-06,24,267,"DMC","DMC1","10","SpC"
"USBR",2024-10-07,24,254,"DMC","DMC1","10","SpC"
"USBR",2024-10-08,24,249,"DMC","DMC1","10","SpC"
"USBR",2024-10-09,24,244,"DMC","DMC1","10","SpC"
"USBR",2024-10-10,24,247,"DMC","DMC1","10","SpC"
"USBR",2024-10-11,24,251,"DMC","DMC1","10","SpC"
"USBR",2024-10-12,24,257,"DMC","DMC1","10","SpC"
"USBR",2024-10-13,24,247,"DMC","DMC1","10","SpC"
"USBR",2024-10-14,24,253,"DMC","DMC1","10","SpC"
"USBR",2024-10-15,24,246,"DMC","DMC1","10","SpC"
"USBR",2024-10-16,24,253,"DMC","DMC1","10","SpC"
"USBR",2024-10-17,24,256,"DMC","DMC1","10","SpC"
"USBR",2024-10-18,24,248,"DMC","DMC1","10","SpC"
"USBR",2024-10-19,24,252,"DMC","DMC1","10","SpC"
"USBR",2024-10-20,24,249,"DMC","DMC1","10","SpC"
"USBR",2024-10-21,24,254,"DMC","DMC1","10","SpC"
"USBR",2024-10-22,24,258,"DMC","DMC1","10","SpC"
"USBR",2024-10-23,24,250,"DMC","DMC1","10","SpC"
"USBR",2024-10-24,24,250,"DMC","DMC1","10","SpC"
"USBR",2024-10-25,24,246,"DMC","DMC1","10","SpC"
"USBR",2024-10-26,24,254,"DMC","DMC1","10","SpC"
"USBR",2024-10-27,24,265,"DMC","DMC1","10","SpC"
"USBR",2024-10-28,24,279,"DMC","DMC1","10","SpC"
"USBR",2024-10-29,24,280,"DMC","DMC1","10","SpC"
"USBR",2024-10-30,24,264,"DMC","DMC1","10","SpC"
"USBR",2024-10-31,24,256,"DMC","DMC1","10","SpC"
"USBR",2024-11-01,24,247,"DMC","DMC1","11","SpC"
"USBR",2024-11-02,24,250,"DMC","DMC1","11","SpC"
"USBR",2024-11-03,24,251,"DMC","DMC1","11","SpC"
"USBR",2024-11-04,24,253,"DMC","DMC1","11","SpC"
"USBR",2024-11-05,24,262,"DMC","DMC1","11","SpC"
"USBR",2024-11-06,24,266,"DMC","DMC1","11","SpC"
"USBR",2024-11-07,24,274,"DMC","DMC1","11","SpC"
"USBR",2024-11-08,24,276,"DMC","DMC1","11","SpC"
"USBR",2024-11-09,24,286,"DMC","DMC1","11","SpC"
"USBR",2024-11-10,24,301,"DMC","DMC1","11","SpC"
"USBR",2024-11-11,24,306,"DMC","DMC1","11","SpC"
"USBR",2024-11-12,24,316,"DMC","DMC1","11","SpC"
"USBR",2024-11-13,24,327,"DMC","DMC1","11","SpC"
"USBR",2024-11-14,24,324,"DMC","DMC1","11","SpC"
"USBR",2024-11-15,24,318,"DMC","DMC1","11","SpC"
"USBR",2024-11-16,24,327,"DMC","DMC1","11","SpC"
"USBR",2024-11-17,24,336,"DMC","DMC1","11","SpC"
"USBR",2024-11-18,24,335,"DMC","DMC1","11","SpC"
"USBR",2024-11-19,24,346,"DMC","DMC1","11","SpC"
"USBR",2024-11-20,24,339,"DMC","DMC1","11","SpC"
"USBR",2024-11-21,24,328,"DMC","DMC1","11","SpC"
"USBR",2024-11-22,24,340,"DMC","DMC1","11","SpC"
"USBR",2024-11-23,24,343,"DMC","DMC1","11","SpC"
"USBR",2024-11-24,24,345,"DMC","DMC1","11","SpC"
"USBR",2024-11-25,24,354,"DMC","DMC1","11","SpC"
"USBR",2024-11-26,24,390,"DMC","DMC1","11","SpC"
"USBR",2024-11-27,24,428,"DMC","DMC1","11","SpC"
"USBR",2024-11-28,24,439,"DMC","DMC1","11","SpC"
"USBR",2024-11-29,24,458,"DMC","DMC1","11","SpC"
"USBR",2024-11-30,24,467,"DMC","DMC1","11","SpC"
"USBR",2024-12-01,24,463,"DMC","DMC1","12","SpC"
"USBR",2024-12-02,24,477,"DMC","DMC1","12","SpC"
"USBR",2024-12-03,24,482,"DMC","DMC1","12","SpC"
"USBR",2024-12-04,24,459,"DMC","DMC1","12","SpC"
"USBR",2024-12-05,24,449,"DMC","DMC1","12","SpC"
"USBR",2024-12-06,24,442,"DMC","DMC1","12","SpC"
"USBR",2024-12-07,24,438,"DMC","DMC1","12","SpC"
"USBR",2024-12-08,24,460,"DMC","DMC1","12","SpC"
"USBR",2024-12-09,24,498,"DMC","DMC1","12","SpC"
"USBR",2024-12-10,24,526,"DMC","DMC1","12","SpC"
"USBR",2024-12-11,24,486,"DMC","DMC1","12","SpC"
"USBR",2024-12-12,24,507,"DMC","DMC1","12","SpC"
"USBR",2024-12-13,24,542,"DMC","DMC1","12","SpC"
"USBR",2024-12-14,24,543,"DMC","DMC1","12","SpC"
"USBR",2024-12-15,24,542,"DMC","DMC1","12","SpC"
"USBR",2024-12-16,24,577,"DMC","DMC1","12","SpC"
"USBR",2024-12-17,24,546,"DMC","DMC1","12","SpC"
"USBR",2024-12-18,24,555,"DMC","DMC1","12","SpC"
"USBR",2024-12-21,24,617,"DMC","DMC1","12","SpC"
"USBR",2024-12-22,24,632,"DMC","DMC1","12","SpC"
"USBR",2024-12-23,24,460,"DMC","DMC1","12","SpC"
"USBR",2024-12-27,24,630,"DMC","DMC1","12","SpC"
"USBR",2024-12-28,24,650,"DMC","DMC1","12","SpC"
"USBR",2024-12-29,24,650,"DMC","DMC1","12","SpC"
"USBR",2024-12-30,24,639,"DMC","DMC1","12","SpC"
"USBR",2025-01-02,24,557,"DMC","DMC1","1","SpC"
"USBR",2025-01-03,24,508,"DMC","DMC1","1","SpC"
"USBR",2025-01-04,24,495,"DMC","DMC1","1","SpC"
"USBR",2025-01-05,24,494,"DMC","DMC1","1","SpC"
"USBR",2025-01-06,24,485,"DMC","DMC1","1","SpC"
"USBR",2025-01-07,24,458,"DMC","DMC1","1","SpC"
"USBR",2025-01-08,24,452,"DMC","DMC1","1","SpC"
"USBR",2025-01-09,24,427,"DMC","DMC1","1","SpC"
"USBR",2025-01-10,24,427,"DMC","DMC1","1","SpC"
"USBR",2025-01-11,24,415,"DMC","DMC1","1","SpC"
"USBR",2025-01-12,24,417,"DMC","DMC1","1","SpC"
"USBR",2025-01-13,24,427,"DMC","DMC1","1","SpC"
"USBR",2025-01-14,24,424,"DMC","DMC1","1","SpC"
"USBR",2025-01-15,24,414,"DMC","DMC1","1","SpC"
"USBR",2025-01-16,24,425,"DMC","DMC1","1","SpC"
"USBR",2025-01-17,24,437,"DMC","DMC1","1","SpC"
"USBR",2025-01-18,24,446,"DMC","DMC1","1","SpC"
"USBR",2025-01-19,24,453,"DMC","DMC1","1","SpC"
"USBR",2025-01-20,24,456,"DMC","DMC1","1","SpC"
"USBR",2025-01-26,24,397,"DMC","DMC1","1","SpC"
"USBR",2025-01-27,24,420,"DMC","DMC1","1","SpC"
"USBR",2025-01-28,24,407,"DMC","DMC1","1","SpC"
"USBR",2025-01-30,24,477,"DMC","DMC1","1","SpC"
"USBR",2025-01-31,24,465,"DMC","DMC1","1","SpC"
"USBR",2025-02-01,24,444,"DMC","DMC1","2","SpC"
"USBR",2025-02-02,24,400,"DMC","DMC1","2","SpC"
"USBR",2025-02-03,24,408,"DMC","DMC1","2","SpC"
"USBR",2025-02-04,24,411,"DMC","DMC1","2","SpC"
"USBR",2025-02-05,24,402,"DMC","DMC1","2","SpC"
"USBR",2025-02-06,24,429,"DMC","DMC1","2","SpC"
"USBR",2025-02-07,24,354,"DMC","DMC1","2","SpC"
"USBR",2025-02-08,24,400,"DMC","DMC1","2","SpC"
"USBR",2025-02-09,24,381,"DMC","DMC1","2","SpC"
"USBR",2025-02-10,24,375,"DMC","DMC1","2","SpC"
"USBR",2025-02-11,24,385,"DMC","DMC1","2","SpC"
"USBR",2025-02-12,24,382,"DMC","DMC1","2","SpC"
"USBR",2025-02-13,24,365,"DMC","DMC1","2","SpC"
"USBR",2025-02-14,24,380,"DMC","DMC1","2","SpC"
"USBR",2025-02-15,24,443,"DMC","DMC1","2","SpC"
"USBR",2025-02-16,24,418,"DMC","DMC1","2","SpC"
"USBR",2025-02-17,24,378,"DMC","DMC1","2","SpC"
"USBR",2025-02-18,24,342,"DMC","DMC1","2","SpC"
"USBR",2025-02-19,24,322,"DMC","DMC1","2","SpC"
"USBR",2025-02-20,24,330,"DMC","DMC1","2","SpC"
"USBR",2025-02-21,24,331,"DMC","DMC1","2","SpC"
"USBR",2025-02-22,24,347,"DMC","DMC1","2","SpC"
"USBR",2025-02-23,24,362,"DMC","DMC1","2","SpC"
"USBR",2025-02-24,24,362,"DMC","DMC1","2","SpC"
"USBR",2025-02-25,24,366,"DMC","DMC1","2","SpC"
"USBR",2025-02-26,24,384,"DMC","DMC1","2","SpC"
"USBR",2025-02-27,24,395,"DMC","DMC1","2","SpC"
"USBR",2025-02-28,24,376,"DMC","DMC1","2","SpC"
"USBR",2025-03-01,24,357,"DMC","DMC1","3","SpC"
"USBR",2025-03-02,24,361,"DMC","DMC1","3","SpC"
"USBR",2025-03-03,24,364,"DMC","DMC1","3","SpC"
"USBR",2025-03-04,24,361,"DMC","DMC1","3","SpC"
"USBR",2025-03-05,24,345,"DMC","DMC1","3","SpC"
"USBR",2025-03-06,24,315,"DMC","DMC1","3","SpC"
"USBR",2025-03-07,24,347,"DMC","DMC1","3","SpC"
"USBR",2025-03-08,24,351,"DMC","DMC1","3","SpC"
"USBR",2025-03-09,24,339,"DMC","DMC1","3","SpC"
"USBR",2025-03-10,24,338,"DMC","DMC1","3","SpC"
"USBR",2025-03-11,24,325,"DMC","DMC1","3","SpC"
"USBR",2025-03-12,24,315,"DMC","DMC1","3","SpC"
"USBR",2025-03-13,24,302,"DMC","DMC1","3","SpC"
"USBR",2025-03-14,24,322,"DMC","DMC1","3","SpC"
"USBR",2025-03-15,24,319,"DMC","DMC1","3","SpC"
"USBR",2025-03-16,24,310,"DMC","DMC1","3","SpC"
"USBR",2025-03-17,24,294,"DMC","DMC1","3","SpC"
"USBR",2025-03-18,24,291,"DMC","DMC1","3","SpC"
"USBR",2025-03-19,24,281,"DMC","DMC1","3","SpC"
"USBR",2025-03-20,24,279,"DMC","DMC1","3","SpC"
"USBR",2025-03-21,24,277,"DMC","DMC1","3","SpC"
"USBR",2025-03-22,24,282,"DMC","DMC1","3","SpC"
"USBR",2025-03-23,24,285,"DMC","DMC1","3","SpC"
"USBR",2025-03-24,24,293,"DMC","DMC1","3","SpC"
"USBR",2025-03-25,24,309,"DMC","DMC1","3","SpC"
"USBR",2025-03-26,24,325,"DMC","DMC1","3","SpC"
"USBR",2025-03-27,24,354,"DMC","DMC1","3","SpC"
"USBR",2025-03-28,24,360,"DMC","DMC1","3","SpC"
"USBR",2025-03-29,24,361,"DMC","DMC1","3","SpC"
"USBR",2025-03-30,24,360,"DMC","DMC1","3","SpC"
"USBR",2025-03-31,24,352,"DMC","DMC1","3","SpC"
"USBR",2025-04-01,24,368,"DMC","DMC1","4","SpC"
"USBR",2025-04-02,24,348,"DMC","DMC1","4","SpC"
"USBR",2025-04-03,24,345,"DMC","DMC1","4","SpC"
"USBR",2025-04-04,24,349,"DMC","DMC1","4","SpC"
"USBR",2025-04-05,24,362,"DMC","DMC1","4","SpC"
"USBR",2025-04-06,24,382,"DMC","DMC1","4","SpC"
"USBR",2025-04-07,24,370,"DMC","DMC1","4","SpC"
"USBR",2025-04-08,24,360,"DMC","DMC1","4","SpC"
"USBR",2025-04-09,24,337,"DMC","DMC1","4","SpC"
"USBR",2025-04-10,24,332,"DMC","DMC1","4","SpC"
"USBR",2025-04-11,24,335,"DMC","DMC1","4","SpC"
"USBR",2025-04-12,24,335,"DMC","DMC1","4","SpC"
"USBR",2025-04-13,24,339,"DMC","DMC1","4","SpC"
"USBR",2025-04-14,24,334,"DMC","DMC1","4","SpC"
"USBR",2025-04-15,24,326,"DMC","DMC1","4","SpC"
"USBR",2025-04-16,24,329,"DMC","DMC1","4","SpC"
"USBR",2025-04-17,24,319,"DMC","DMC1","4","SpC"
"USBR",2025-05-02,24,352,"DMC","DMC1","5","SpC"
"USBR",2025-05-03,24,352,"DMC","DMC1","5","SpC"
"USBR",2025-05-04,24,403,"DMC","DMC1","5","SpC"
"USBR",2025-05-05,24,397,"DMC","DMC1","5","SpC"
"USBR",2025-05-06,24,328,"DMC","DMC1","5","SpC"
"USBR",2025-05-07,24,301,"DMC","DMC1","5","SpC"
"USBR",2025-05-08,24,316,"DMC","DMC1","5","SpC"
"USBR",2025-05-09,24,338,"DMC","DMC1","5","SpC"
"USBR",2025-05-10,24,345,"DMC","DMC1","5","SpC"
"USBR",2025-05-11,24,362,"DMC","DMC1","5","SpC"
"USBR",2025-05-12,24,328,"DMC","DMC1","5","SpC"
"USBR",2025-05-13,24,377,"DMC","DMC1","5","SpC"
"USBR",2025-05-14,24,363,"DMC","DMC1","5","SpC"
"USBR",2025-05-15,24,354,"DMC","DMC1","5","SpC"
"USBR",2025-05-16,24,343,"DMC","DMC1","5","SpC"
"USBR",2025-05-17,24,337,"DMC","DMC1","5","SpC"
"USBR",2025-05-18,24,345,"DMC","DMC1","5","SpC"
"USBR",2025-05-19,24,383,"DMC","DMC1","5","SpC"
"USBR",2025-05-20,24,323,"DMC","DMC1","5","SpC"
"USBR",2025-05-21,24,286,"DMC","DMC1","5","SpC"
"USBR",2025-05-22,24,271,"DMC","DMC1","5","SpC"
"USBR",2025-05-23,24,265,"DMC","DMC1","5","SpC"
"USBR",2025-05-24,24,270,"DMC","DMC1","5","SpC"
"USBR",2025-05-25,24,269,"DMC","DMC1","5","SpC"
"USBR",2025-05-26,24,254,"DMC","DMC1","5","SpC"
"USBR",2025-05-27,24,245,"DMC","DMC1","5","SpC"
"USBR",2025-05-28,24,247,"DMC","DMC1","5","SpC"
"USBR",2025-05-29,24,247,"DMC","DMC1","5","SpC"
"USBR",2025-05-30,24,244,"DMC","DMC1","5","SpC"
"USBR",2025-05-31,24,243,"DMC","DMC1","5","SpC"
"USBR",2025-06-01,24,241,"DMC","DMC1","6","SpC"
"USBR",2025-06-02,24,232,"DMC","DMC1","6","SpC"
"USBR",2025-06-03,24,232,"DMC","DMC1","6","SpC"
"USBR",2025-06-04,24,239,"DMC","DMC1","6","SpC"
"USBR",2025-06-05,24,241,"DMC","DMC1","6","SpC"
"USBR",2025-06-06,24,243,"DMC","DMC1","6","SpC"
"USBR",2025-06-07,24,237,"DMC","DMC1","6","SpC"
"USBR",2025-06-08,24,230,"DMC","DMC1","6","SpC"
"USBR",2025-06-09,24,229,"DMC","DMC1","6","SpC"
"USBR",2025-06-10,24,227,"DMC","DMC1","6","SpC"
"USBR",2025-06-11,24,226,"DMC","DMC1","6","SpC"
"USBR",2025-06-12,24,227,"DMC","DMC1","6","SpC"
"USBR",2025-06-13,24,223,"DMC","DMC1","6","SpC"
"USBR",2025-06-14,24,226,"DMC","DMC1","6","SpC"
"USBR",2025-06-15,24,228,"DMC","DMC1","6","SpC"
"USBR",2025-06-16,24,221,"DMC","DMC1","6","SpC"
"USBR",2025-06-17,24,208,"DMC","DMC1","6","SpC"
"USBR",2025-06-25,24,233,"DMC","DMC1","6","SpC"
"USBR",2025-06-26,24,227,"DMC","DMC1","6","SpC"
"USBR",2025-06-27,24,230,"DMC","DMC1","6","SpC"
"USBR",2025-06-28,24,238,"DMC","DMC1","6","SpC"
"USBR",2025-06-29,24,239,"DMC","DMC1","6","SpC"
"USBR",2025-06-30,24,236,"DMC","DMC1","6","SpC"
"USBR",2025-07-01,24,228,"DMC","DMC1","7","SpC"
"USBR",2025-07-02,24,221,"DMC","DMC1","7","SpC"
"USBR",2025-07-03,24,213,"DMC","DMC1","7","SpC"
"USBR",2025-07-04,24,219,"DMC","DMC1","7","SpC"
"USBR",2025-07-05,24,215,"DMC","DMC1","7","SpC"
"USBR",2025-07-06,24,220,"DMC","DMC1","7","SpC"
"USBR",2025-07-07,24,219,"DMC","DMC1","7","SpC"
"USBR",2025-07-08,24,220,"DMC","DMC1","7","SpC"
"USBR",2025-07-09,24,224,"DMC","DMC1","7","SpC"
"USBR",2025-07-10,24,214,"DMC","DMC1","7","SpC"
"USBR",2025-07-11,24,210,"DMC","DMC1","7","SpC"
"USBR",2025-07-12,24,204,"DMC","DMC1","7","SpC"
"USBR",2025-07-13,24,215,"DMC","DMC1","7","SpC"
"USBR",2025-07-14,24,221,"DMC","DMC1","7","SpC"
"USBR",2025-07-15,24,204,"DMC","DMC1","7","SpC"
"USBR",2025-07-16,24,206,"DMC","DMC1","7","SpC"
"USBR",2025-07-17,24,208,"DMC","DMC1","7","SpC"
"USBR",2025-07-18,24,221,"DMC","DMC1","7","SpC"
"USBR",2025-07-19,24,228,"DMC","DMC1","7","SpC"
"USBR",2025-07-21,24,232,"DMC","DMC1","7","SpC"
"USBR",2025-07-22,24,233,"DMC","DMC1","7","SpC"
"USBR",2025-07-23,24,231,"DMC","DMC1","7","SpC"
"USBR",2025-07-24,24,229,"DMC","DMC1","7","SpC"
"USBR",2025-07-25,24,219,"DMC","DMC1","7","SpC"
"USBR",2025-07-26,24,225,"DMC","DMC1","7","SpC"
"USBR",2025-07-27,24,236,"DMC","DMC1","7","SpC"
"USBR",2025-07-28,24,229,"DMC","DMC1","7","SpC"
"USBR",2025-07-29,24,210,"DMC","DMC1","7","SpC"
"USBR",2025-07-30,24,188,"DMC","DMC1","7","SpC"
"USBR",2025-07-31,24,178,"DMC","DMC1","7","SpC"
"USBR",2025-08-01,24,177,"DMC","DMC1","8","SpC"
"USBR",2025-08-02,24,180,"DMC","DMC1","8","SpC"
"USBR",2025-08-03,24,176,"DMC","DMC1","8","SpC"
"USBR",2025-08-04,24,174,"DMC","DMC1","8","SpC"
"USBR",2025-08-05,24,173,"DMC","DMC1","8","SpC"
"USBR",2025-08-06,24,176,"DMC","DMC1","8","SpC"
"USBR",2025-08-07,24,172,"DMC","DMC1","8","SpC"
"USBR",2025-08-08,24,173,"DMC","DMC1","8","SpC"
"USBR",2025-08-09,24,168,"DMC","DMC1","8","SpC"
"USBR",2025-08-10,24,164,"DMC","DMC1","8","SpC"
"USBR",2025-08-11,24,171,"DMC","DMC1","8","SpC"
"USBR",2025-08-12,24,166,"DMC","DMC1","8","SpC"
"USBR",2025-08-13,24,179,"DMC","DMC1","8","SpC"
"USBR",2025-08-14,24,182,"DMC","DMC1","8","SpC"
"USBR",2025-08-15,24,170,"DMC","DMC1","8","SpC"
"USBR",2025-08-16,24,170,"DMC","DMC1","8","SpC"
"USBR",2025-08-17,24,164,"DMC","DMC1","8","SpC"
"USBR",2025-08-18,24,173,"DMC","DMC1","8","SpC"
"USBR",2025-08-19,24,196,"DMC","DMC1","8","SpC"
"USBR",2025-08-20,24,230,"DMC","DMC1","8","SpC"
"USBR",2025-08-21,24,236,"DMC","DMC1","8","SpC"
"USBR",2025-08-22,24,239,"DMC","DMC1","8","SpC"
"USBR",2025-08-23,24,232,"DMC","DMC1","8","SpC"
"USBR",2025-08-24,24,246,"DMC","DMC1","8","SpC"
"USBR",2025-08-25,24,254,"DMC","DMC1","8","SpC"
"USBR",2025-08-26,24,259,"DMC","DMC1","8","SpC"
"USBR",2025-08-27,24,260,"DMC","DMC1","8","SpC"
"USBR",2025-08-28,24,260,"DMC","DMC1","8","SpC"
"USBR",2025-08-29,24,265,"DMC","DMC1","8","SpC"
"USBR",2025-08-30,24,280,"DMC","DMC1","8","SpC"
"USBR",2025-08-31,24,292,"DMC","DMC1","8","SpC"
"USBR",2025-09-01,24,280,"DMC","DMC1","9","SpC"
"USBR",2025-09-02,24,289,"DMC","DMC1","9","SpC"
"USBR",2025-09-03,24,284,"DMC","DMC1","9","SpC"
"USBR",2025-09-04,24,293,"DMC","DMC1","9","SpC"
"USBR",2025-09-05,24,302,"DMC","DMC1","9","SpC"
"USBR",2025-09-06,24,315,"DMC","DMC1","9","SpC"
"USBR",2025-09-07,24,331,"DMC","DMC1","9","SpC"
"USBR",2025-09-08,24,350,"DMC","DMC1","9","SpC"
"USBR",2025-09-09,24,360,"DMC","DMC1","9","SpC"
"USBR",2025-09-10,24,364,"DMC","DMC1","9","SpC"
"USBR",2025-09-11,24,374,"DMC","DMC1","9","SpC"
"USBR",2025-09-12,24,374,"DMC","DMC1","9","SpC"
"USBR",2025-09-13,24,381,"DMC","DMC1","9","SpC"
"USBR",2025-09-14,24,393,"DMC","DMC1","9","SpC"
"USBR",2025-09-15,24,397,"DMC","DMC1","9","SpC"
"USBR",2025-09-16,24,392,"DMC","DMC1","9","SpC"
"USBR",2025-09-17,24,394,"DMC","DMC1","9","SpC"
"USBR",2025-09-18,24,409,"DMC","DMC1","9","SpC"
"USBR",2025-09-19,24,421,"DMC","DMC1","9","SpC"
"USBR",2025-09-20,24,435,"DMC","DMC1","9","SpC"
"USBR",2025-09-21,24,443,"DMC","DMC1","9","SpC"
"USBR",2025-09-22,24,454,"DMC","DMC1","9","SpC"
"USBR",2025-09-23,24,460,"DMC","DMC1","9","SpC"
"USBR",2025-09-24,24,459,"DMC","DMC1","9","SpC"
"USBR",2025-09-25,24,461,"DMC","DMC1","9","SpC"
"USBR",2025-09-26,24,449,"DMC","DMC1","9","SpC"
"USBR",2025-09-27,24,456,"DMC","DMC1","9","SpC"
"USBR",2025-09-28,24,460,"DMC","DMC1","9","SpC"
"USBR",2025-09-29,24,458,"DMC","DMC1","9","SpC"
"USBR",2025-09-30,24,466,"DMC","DMC1","9","SpC"
"USBR",2024-10-01,24,191,"EMM","D22","10","SpC"
"USBR",2024-10-02,24,189,"EMM","D22","10","SpC"
"USBR",2024-10-03,24,182,"EMM","D22","10","SpC"
"USBR",2024-10-04,24,178,"EMM","D22","10","SpC"
"USBR",2024-10-05,24,189,"EMM","D22","10","SpC"
"USBR",2024-10-06,24,252,"EMM","D22","10","SpC"
"USBR",2024-10-07,24,379,"EMM","D22","10","SpC"
"USBR",2024-10-08,24,463,"EMM","D22","10","SpC"
"USBR",2024-10-09,24,497,"EMM","D22","10","SpC"
"USBR",2024-10-10,24,458,"EMM","D22","10","SpC"
"USBR",2024-10-11,24,416,"EMM","D22","10","SpC"
"USBR",2024-10-12,24,424,"EMM","D22","10","SpC"
"USBR",2024-10-13,24,462,"EMM","D22","10","SpC"
"USBR",2024-10-14,24,577,"EMM","D22","10","SpC"
"USBR",2024-10-15,24,610,"EMM","D22","10","SpC"
"USBR",2024-10-16,24,724,"EMM","D22","10","SpC"
"USBR",2024-10-17,24,823,"EMM","D22","10","SpC"
"USBR",2024-10-18,24,635,"EMM","D22","10","SpC"
"USBR",2024-10-19,24,1001,"EMM","D22","10","SpC"
"USBR",2024-10-20,24,1253,"EMM","D22","10","SpC"
"USBR",2024-10-21,24,1458,"EMM","D22","10","SpC"
"USBR",2024-10-22,24,1404,"EMM","D22","10","SpC"
"USBR",2024-10-23,24,1197,"EMM","D22","10","SpC"
"USBR",2024-10-24,24,1052,"EMM","D22","10","SpC"
"USBR",2024-10-25,24,1100,"EMM","D22","10","SpC"
"USBR",2024-10-26,24,1092,"EMM","D22","10","SpC"
"USBR",2024-10-27,24,1202,"EMM","D22","10","SpC"
"USBR",2024-10-28,24,1309,"EMM","D22","10","SpC"
"USBR",2024-10-29,24,1122,"EMM","D22","10","SpC"
"USBR",2024-10-30,24,1268,"EMM","D22","10","SpC"
"USBR",2024-10-31,24,1443,"EMM","D22","10","SpC"
"USBR",2024-11-01,24,1720,"EMM","D22","11","SpC"
"USBR",2024-11-02,24,2243,"EMM","D22","11","SpC"
"USBR",2024-11-03,24,1503,"EMM","D22","11","SpC"
"USBR",2024-11-04,24,1936,"EMM","D22","11","SpC"
"USBR",2024-11-05,24,1916,"EMM","D22","11","SpC"
"USBR",2024-11-06,24,1449,"EMM","D22","11","SpC"
"USBR",2024-11-07,24,2219,"EMM","D22","11","SpC"
"USBR",2024-11-08,24,2103,"EMM","D22","11","SpC"
"USBR",2024-11-09,24,2284,"EMM","D22","11","SpC"
"USBR",2024-11-10,24,2240,"EMM","D22","11","SpC"
"USBR",2024-11-11,24,2422,"EMM","D22","11","SpC"
"USBR",2024-11-12,24,2024,"EMM","D22","11","SpC"
"USBR",2024-11-13,24,2216,"EMM","D22","11","SpC"
"USBR",2024-11-14,24,2619,"EMM","D22","11","SpC"
"USBR",2024-11-15,24,3099,"EMM","D22","11","SpC"
"USBR",2024-11-16,24,3055,"EMM","D22","11","SpC"
"USBR",2024-11-17,24,3650,"EMM","D22","11","SpC"
"USBR",2024-11-18,24,3587,"EMM","D22","11","SpC"
"USBR",2024-11-19,24,3176,"EMM","D22","11","SpC"
"USBR",2024-11-20,24,3678,"EMM","D22","11","SpC"
"USBR",2024-11-21,24,3441,"EMM","D22","11","SpC"
"USBR",2024-11-22,24,3246,"EMM","D22","11","SpC"
"USBR",2024-11-23,24,1663,"EMM","D22","11","SpC"
"USBR",2024-11-24,24,578,"EMM","D22","11","SpC"
"USBR",2024-11-25,24,290,"EMM","D22","11","SpC"
"USBR",2024-11-26,24,244,"EMM","D22","11","SpC"
"USBR",2024-11-27,24,262,"EMM","D22","11","SpC"
"USBR",2024-11-28,24,283,"EMM","D22","11","SpC"
"USBR",2024-11-29,24,293,"EMM","D22","11","SpC"
"USBR",2024-11-30,24,304,"EMM","D22","11","SpC"
"USBR",2024-12-01,24,317,"EMM","D22","12","SpC"
"USBR",2024-12-02,24,305,"EMM","D22","12","SpC"
"USBR",2024-12-03,24,329,"EMM","D22","12","SpC"
"USBR",2024-12-04,24,353,"EMM","D22","12","SpC"
"USBR",2024-12-05,24,348,"EMM","D22","12","SpC"
"USBR",2024-12-06,24,329,"EMM","D22","12","SpC"
"USBR",2024-12-07,24,312,"EMM","D22","12","SpC"
"USBR",2024-12-08,24,303,"EMM","D22","12","SpC"
"USBR",2024-12-09,24,290,"EMM","D22","12","SpC"
"USBR",2024-12-10,24,288,"EMM","D22","12","SpC"
"USBR",2024-12-11,24,344,"EMM","D22","12","SpC"
"USBR",2024-12-12,24,721,"EMM","D22","12","SpC"
"USBR",2024-12-13,24,764,"EMM","D22","12","SpC"
"USBR",2024-12-15,24,638,"EMM","D22","12","SpC"
"USBR",2024-12-16,24,489,"EMM","D22","12","SpC"
"USBR",2024-12-17,24,380,"EMM","D22","12","SpC"
"USBR",2024-12-18,24,363,"EMM","D22","12","SpC"
"USBR",2024-12-19,24,261,"EMM","D22","12","SpC"
"USBR",2024-12-20,24,213,"EMM","D22","12","SpC"
"USBR",2024-12-21,24,197,"EMM","D22","12","SpC"
"USBR",2024-12-22,24,196,"EMM","D22","12","SpC"
"USBR",2024-12-23,24,208,"EMM","D22","12","SpC"
"USBR",2024-12-24,24,214,"EMM","D22","12","SpC"
"USBR",2024-12-25,24,247,"EMM","D22","12","SpC"
"USBR",2025-01-16,24,182,"EMM","D22","1","SpC"
"USBR",2025-01-17,24,181,"EMM","D22","1","SpC"
"USBR",2025-01-18,24,180,"EMM","D22","1","SpC"
"USBR",2025-01-19,24,181,"EMM","D22","1","SpC"
"USBR",2025-01-20,24,184,"EMM","D22","1","SpC"
"USBR",2025-01-21,24,185,"EMM","D22","1","SpC"
"USBR",2025-01-22,24,187,"EMM","D22","1","SpC"
"USBR",2025-01-25,24,283,"EMM","D22","1","SpC"
"USBR",2025-01-26,24,256,"EMM","D22","1","SpC"
"USBR",2025-01-27,24,306,"EMM","D22","1","SpC"
"USBR",2025-01-28,24,315,"EMM","D22","1","SpC"
"USBR",2025-01-29,24,296,"EMM","D22","1","SpC"
"USBR",2025-01-30,24,290,"EMM","D22","1","SpC"
"USBR",2025-01-31,24,284,"EMM","D22","1","SpC"
"USBR",2025-02-06,24,153,"EMM","D22","2","SpC"
"USBR",2025-02-07,24,139,"EMM","D22","2","SpC"
"USBR",2025-02-09,24,110,"EMM","D22","2","SpC"
"USBR",2025-02-10,24,104,"EMM","D22","2","SpC"
"USBR",2025-02-11,24,104,"EMM","D22","2","SpC"
"USBR",2025-02-12,24,105,"EMM","D22","2","SpC"
"USBR",2025-02-13,24,114,"EMM","D22","2","SpC"
"USBR",2025-02-14,24,119,"EMM","D22","2","SpC"
"USBR",2025-02-15,24,121,"EMM","D22","2","SpC"
"USBR",2025-02-16,24,123,"EMM","D22","2","SpC"
"USBR",2025-02-17,24,121,"EMM","D22","2","SpC"
"USBR",2025-02-18,24,120,"EMM","D22","2","SpC"
"USBR",2025-02-19,24,125,"EMM","D22","2","SpC"
"USBR",2025-02-20,24,131,"EMM","D22","2","SpC"
"USBR",2025-02-21,24,136,"EMM","D22","2","SpC"
"USBR",2025-02-22,24,144,"EMM","D22","2","SpC"
"USBR",2025-02-23,24,147,"EMM","D22","2","SpC"
"USBR",2025-03-20,24,155,"EMM","D22","3","SpC"
"USBR",2025-03-21,24,152,"EMM","D22","3","SpC"
"USBR",2025-03-22,24,149,"EMM","D22","3","SpC"
"USBR",2025-03-23,24,156,"EMM","D22","3","SpC"
"USBR",2025-03-24,24,158,"EMM","D22","3","SpC"
"USBR",2025-03-25,24,160,"EMM","D22","3","SpC"
"USBR",2025-03-26,24,161,"EMM","D22","3","SpC"
"USBR",2025-03-27,24,156,"EMM","D22","3","SpC"
"USBR",2025-03-28,24,156,"EMM","D22","3","SpC"
"USBR",2025-03-29,24,163,"EMM","D22","3","SpC"
"USBR",2025-03-30,24,166,"EMM","D22","3","SpC"
"USBR",2025-03-31,24,165,"EMM","D22","3","SpC"
"USBR",2025-04-01,24,162,"EMM","D22","4","SpC"
"USBR",2025-04-02,24,161,"EMM","D22","4","SpC"
"USBR",2025-04-03,24,159,"EMM","D22","4","SpC"
"USBR",2025-04-04,24,157,"EMM","D22","4","SpC"
"USBR",2025-04-05,24,156,"EMM","D22","4","SpC"
"USBR",2025-04-06,24,162,"EMM","D22","4","SpC"
"USBR",2025-04-07,24,160,"EMM","D22","4","SpC"
"USBR",2025-04-08,24,154,"EMM","D22","4","SpC"
"USBR",2025-04-09,24,153,"EMM","D22","4","SpC"
"USBR",2025-04-17,24,128,"EMM","D22","4","SpC"
"USBR",2025-04-18,24,130,"EMM","D22","4","SpC"
"USBR",2025-04-19,24,133,"EMM","D22","4","SpC"
"USBR",2025-04-20,24,137,"EMM","D22","4","SpC"
"USBR",2025-04-21,24,137,"EMM","D22","4","SpC"
"USBR",2025-04-22,24,135,"EMM","D22","4","SpC"
"USBR",2025-04-23,24,132,"EMM","D22","4","SpC"
"USBR",2025-04-24,24,129,"EMM","D22","4","SpC"
"USBR",2025-04-25,24,128,"EMM","D22","4","SpC"
"USBR",2025-04-26,24,130,"EMM","D22","4","SpC"
"USBR",2025-04-27,24,131,"EMM","D22","4","SpC"
"USBR",2025-04-28,24,136,"EMM","D22","4","SpC"
"USBR",2025-04-29,24,140,"EMM","D22","4","SpC"
"USBR",2025-04-30,24,144,"EMM","D22","4","SpC"
"USBR",2025-06-07,24,187,"EMM","D22","6","SpC"
"USBR",2025-06-08,24,256,"EMM","D22","6","SpC"
"USBR",2025-06-09,24,294,"EMM","D22","6","SpC"
"USBR",2025-06-10,24,318,"EMM","D22","6","SpC"
"USBR",2025-06-11,24,348,"EMM","D22","6","SpC"
"USBR",2025-06-12,24,330,"EMM","D22","6","SpC"
"USBR",2025-06-13,24,351,"EMM","D22","6","SpC"
"USBR",2025-06-14,24,316,"EMM","D22","6","SpC"
"USBR",2025-06-15,24,294,"EMM","D22","6","SpC"
"USBR",2025-06-16,24,275,"EMM","D22","6","SpC"
"USBR",2025-06-17,24,222,"EMM","D22","6","SpC"
"USBR",2025-06-18,24,211,"EMM","D22","6","SpC"
"USBR",2025-06-19,24,218,"EMM","D22","6","SpC"
"USBR",2025-06-20,24,239,"EMM","D22","6","SpC"
"USBR",2025-06-21,24,240,"EMM","D22","6","SpC"
"USBR",2025-06-22,24,259,"EMM","D22","6","SpC"
"USBR",2025-06-23,24,351,"EMM","D22","6","SpC"
"USBR",2025-06-24,24,473,"EMM","D22","6","SpC"
"USBR",2025-06-25,24,549,"EMM","D22","6","SpC"
"USBR",2025-06-26,24,508,"EMM","D22","6","SpC"
"USBR",2025-06-27,24,478,"EMM","D22","6","SpC"
"USBR",2025-06-28,24,437,"EMM","D22","6","SpC"
"USBR",2025-06-29,24,389,"EMM","D22","6","SpC"
"USBR",2025-06-30,24,319,"EMM","D22","6","SpC"
"USBR",2025-07-01,24,268,"EMM","D22","7","SpC"
"USBR",2025-07-02,24,234,"EMM","D22","7","SpC"
"USBR",2025-07-03,24,206,"EMM","D22","7","SpC"
"USBR",2025-07-04,24,177,"EMM","D22","7","SpC"
"USBR",2025-07-05,24,168,"EMM","D22","7","SpC"
"USBR",2025-07-06,24,187,"EMM","D22","7","SpC"
"USBR",2025-07-07,24,251,"EMM","D22","7","SpC"
"USBR",2025-07-08,24,307,"EMM","D22","7","SpC"
"USBR",2025-07-09,24,273,"EMM","D22","7","SpC"
"USBR",2025-07-10,24,271,"EMM","D22","7","SpC"
"USBR",2025-07-11,24,319,"EMM","D22","7","SpC"
"USBR",2025-07-12,24,332,"EMM","D22","7","SpC"
"USBR",2025-07-13,24,307,"EMM","D22","7","SpC"
"USBR",2025-07-14,24,226,"EMM","D22","7","SpC"
"USBR",2025-07-15,24,223,"EMM","D22","7","SpC"
"USBR",2025-07-16,24,190,"EMM","D22","7","SpC"
"USBR",2025-07-17,24,179,"EMM","D22","7","SpC"
"USBR",2025-07-18,24,182,"EMM","D22","7","SpC"
"USBR",2025-07-19,24,200,"EMM","D22","7","SpC"
"USBR",2025-07-20,24,226,"EMM","D22","7","SpC"
"USBR",2025-07-22,24,263,"EMM","D22","7","SpC"
"USBR",2025-07-23,24,229,"EMM","D22","7","SpC"
"USBR",2025-07-24,24,233,"EMM","D22","7","SpC"
"USBR",2025-07-25,24,218,"EMM","D22","7","SpC"
"USBR",2025-07-26,24,209,"EMM","D22","7","SpC"
"USBR",2025-07-27,24,179,"EMM","D22","7","SpC"
"USBR",2025-07-28,24,163,"EMM","D22","7","SpC"
"USBR",2025-07-29,24,153,"EMM","D22","7","SpC"
"USBR",2025-07-30,24,147,"EMM","D22","7","SpC"
"USBR",2025-07-31,24,141,"EMM","D22","7","SpC"
"USBR",2025-08-01,24,139,"EMM","D22","8","SpC"
"USBR",2025-08-02,24,145,"EMM","D22","8","SpC"
"USBR",2025-08-03,24,171,"EMM","D22","8","SpC"
"USBR",2025-08-04,24,190,"EMM","D22","8","SpC"
"USBR",2025-08-05,24,195,"EMM","D22","8","SpC"
"USBR",2025-08-06,24,194,"EMM","D22","8","SpC"
"USBR",2025-08-07,24,205,"EMM","D22","8","SpC"
"USBR",2025-08-08,24,241,"EMM","D22","8","SpC"
"USBR",2025-08-09,24,239,"EMM","D22","8","SpC"
"USBR",2025-08-10,24,242,"EMM","D22","8","SpC"
"USBR",2025-08-11,24,220,"EMM","D22","8","SpC"
"USBR",2025-08-12,24,204,"EMM","D22","8","SpC"
"USBR",2025-08-13,24,197,"EMM","D22","8","SpC"
"USBR",2025-08-14,24,195,"EMM","D22","8","SpC"
"USBR",2025-08-15,24,238,"EMM","D22","8","SpC"
"USBR",2025-08-16,24,302,"EMM","D22","8","SpC"
"USBR",2025-08-17,24,395,"EMM","D22","8","SpC"
"USBR",2025-08-18,24,459,"EMM","D22","8","SpC"
"USBR",2025-08-19,24,459,"EMM","D22","8","SpC"
"USBR",2025-08-20,24,471,"EMM","D22","8","SpC"
"USBR",2025-08-21,24,509,"EMM","D22","8","SpC"
"USBR",2025-08-22,24,521,"EMM","D22","8","SpC"
"USBR",2025-08-23,24,502,"EMM","D22","8","SpC"
"USBR",2025-08-24,24,425,"EMM","D22","8","SpC"
"USBR",2025-08-25,24,372,"EMM","D22","8","SpC"
"USBR",2025-08-26,24,341,"EMM","D22","8","SpC"
"USBR",2025-08-27,24,297,"EMM","D22","8","SpC"
"USBR",2025-08-28,24,296,"EMM","D22","8","SpC"
"USBR",2025-08-29,24,332,"EMM","D22","8","SpC"
"USBR",2025-08-30,24,309,"EMM","D22","8","SpC"
"USBR",2025-08-31,24,444,"EMM","D22","8","SpC"
"USBR",2025-09-01,24,470,"EMM","D22","9","SpC"
"USBR",2025-09-02,24,693,"EMM","D22","9","SpC"
"USBR",2025-09-03,24,754,"EMM","D22","9","SpC"
"USBR",2025-09-04,24,681,"EMM","D22","9","SpC"
"USBR",2025-09-05,24,695,"EMM","D22","9","SpC"
"USBR",2025-09-06,24,640,"EMM","D22","9","SpC"
"USBR",2025-09-07,24,572,"EMM","D22","9","SpC"
"USBR",2025-09-08,24,530,"EMM","D22","9","SpC"
"USBR",2025-09-09,24,604,"EMM","D22","9","SpC"
"USBR",2025-09-10,24,673,"EMM","D22","9","SpC"
"USBR",2025-09-11,24,658,"EMM","D22","9","SpC"
"USBR",2025-09-12,24,850,"EMM","D22","9","SpC"
"USBR",2025-09-13,24,997,"EMM","D22","9","SpC"
"USBR",2025-09-18,24,1155,"EMM","D22","9","SpC"
"USBR",2025-09-19,24,1209,"EMM","D22","9","SpC"
"USBR",2025-09-20,24,1044,"EMM","D22","9","SpC"
"USBR",2025-09-21,24,995,"EMM","D22","9","SpC"
"USBR",2025-09-22,24,932,"EMM","D22","9","SpC"
"USBR",2025-09-23,24,970,"EMM","D22","9","SpC"
"USBR",2025-09-24,24,1162,"EMM","D22","9","SpC"
"USBR",2025-09-25,24,1148,"EMM","D22","9","SpC"
"USBR",2025-09-26,24,1179,"EMM","D22","9","SpC"
"USBR",2025-09-27,24,1730,"EMM","D22","9","SpC"
"USBR",2025-09-28,24,1052,"EMM","D22","9","SpC"
"USBR",2025-09-29,24,1378,"EMM","D22","9","SpC"
"USBR",2025-09-30,24,1312,"EMM","D22","9","SpC"
"USBR",2024-10-01,24,8260,"PCT","C14","10","SpC"
"USBR",2024-10-02,24,9041,"PCT","C14","10","SpC"
"USBR",2024-10-03,24,10044,"PCT","C14","10","SpC"
"USBR",2024-10-04,24,11034,"PCT","C14","10","SpC"
"USBR",2024-10-05,24,11360,"PCT","C14","10","SpC"
"USBR",2024-10-06,24,12591,"PCT","C14","10","SpC"
"USBR",2024-10-07,24,14347,"PCT","C14","10","SpC"
"USBR",2024-10-08,24,15799,"PCT","C14","10","SpC"
"USBR",2024-10-09,24,15425,"PCT","C14","10","SpC"
"USBR",2024-10-10,24,15355,"PCT","C14","10","SpC"
"USBR",2024-10-11,24,15341,"PCT","C14","10","SpC"
"USBR",2024-10-12,24,14636,"PCT","C14","10","SpC"
"USBR",2024-10-13,24,14787,"PCT","C14","10","SpC"
"USBR",2024-10-14,24,15032,"PCT","C14","10","SpC"
"USBR",2024-10-15,24,14868,"PCT","C14","10","SpC"
"USBR",2024-10-16,24,15326,"PCT","C14","10","SpC"
"USBR",2024-10-17,24,15434,"PCT","C14","10","SpC"
"USBR",2024-10-18,24,14505,"PCT","C14","10","SpC"
"USBR",2024-10-19,24,15222,"PCT","C14","10","SpC"
"USBR",2024-10-20,24,16476,"PCT","C14","10","SpC"
"USBR",2024-10-21,24,17061,"PCT","C14","10","SpC"
"USBR",2024-10-22,24,16631,"PCT","C14","10","SpC"
"USBR",2024-10-23,24,16131,"PCT","C14","10","SpC"
"USBR",2024-10-24,24,15970,"PCT","C14","10","SpC"
"USBR",2024-10-25,24,16320,"PCT","C14","10","SpC"
"USBR",2024-10-26,24,16512,"PCT","C14","10","SpC"
"USBR",2024-10-27,24,16998,"PCT","C14","10","SpC"
"USBR",2024-10-28,24,17446,"PCT","C14","10","SpC"
"USBR",2024-10-29,24,17345,"PCT","C14","10","SpC"
"USBR",2024-10-30,24,17262,"PCT","C14","10","SpC"
"USBR",2024-10-31,24,17665,"PCT","C14","10","SpC"
"USBR",2024-11-01,24,18333,"PCT","C14","11","SpC"
"USBR",2024-11-02,24,18895,"PCT","C14","11","SpC"
"USBR",2024-11-03,24,17850,"PCT","C14","11","SpC"
"USBR",2024-11-04,24,17821,"PCT","C14","11","SpC"
"USBR",2024-11-05,24,18241,"PCT","C14","11","SpC"
"USBR",2024-11-06,24,17116,"PCT","C14","11","SpC"
"USBR",2024-11-07,24,18342,"PCT","C14","11","SpC"
"USBR",2024-11-08,24,18543,"PCT","C14","11","SpC"
"USBR",2024-11-09,24,18478,"PCT","C14","11","SpC"
"USBR",2024-11-10,24,18323,"PCT","C14","11","SpC"
"USBR",2024-11-11,24,18922,"PCT","C14","11","SpC"
"USBR",2024-11-12,24,18138,"PCT","C14","11","SpC"
"USBR",2024-11-13,24,18554,"PCT","C14","11","SpC"
"USBR",2024-11-14,24,19295,"PCT","C14","11","SpC"
"USBR",2024-11-15,24,20251,"PCT","C14","11","SpC"
"USBR",2024-11-16,24,20073,"PCT","C14","11","SpC"
"USBR",2024-11-17,24,20522,"PCT","C14","11","SpC"
"USBR",2024-11-18,24,20410,"PCT","C14","11","SpC"
"USBR",2024-11-19,24,19857,"PCT","C14","11","SpC"
"USBR",2024-11-20,24,21023,"PCT","C14","11","SpC"
"USBR",2024-11-21,24,20885,"PCT","C14","11","SpC"
"USBR",2024-11-22,24,19797,"PCT","C14","11","SpC"
"USBR",2024-11-23,24,18345,"PCT","C14","11","SpC"
"USBR",2024-11-24,24,15411,"PCT","C14","11","SpC"
"USBR",2024-11-25,24,13299,"PCT","C14","11","SpC"
"USBR",2024-11-26,24,11340,"PCT","C14","11","SpC"
"USBR",2024-11-27,24,7832,"PCT","C14","11","SpC"
"USBR",2024-11-28,24,6059,"PCT","C14","11","SpC"
"USBR",2024-11-29,24,5149,"PCT","C14","11","SpC"
"USBR",2024-11-30,24,4743,"PCT","C14","11","SpC"
"USBR",2024-12-01,24,5407,"PCT","C14","12","SpC"
"USBR",2024-12-02,24,6113,"PCT","C14","12","SpC"
"USBR",2024-12-03,24,6198,"PCT","C14","12","SpC"
"USBR",2024-12-04,24,6108,"PCT","C14","12","SpC"
"USBR",2024-12-05,24,6294,"PCT","C14","12","SpC"
"USBR",2024-12-06,24,6391,"PCT","C14","12","SpC"
"USBR",2024-12-07,24,6717,"PCT","C14","12","SpC"
"USBR",2024-12-08,24,8068,"PCT","C14","12","SpC"
"USBR",2024-12-09,24,8880,"PCT","C14","12","SpC"
"USBR",2024-12-10,24,9514,"PCT","C14","12","SpC"
"USBR",2024-12-11,24,11666,"PCT","C14","12","SpC"
"USBR",2024-12-12,24,15220,"PCT","C14","12","SpC"
"USBR",2024-12-13,24,15239,"PCT","C14","12","SpC"
"USBR",2024-12-14,24,18407,"PCT","C14","12","SpC"
"USBR",2024-12-15,24,14734,"PCT","C14","12","SpC"
"USBR",2024-12-16,24,12798,"PCT","C14","12","SpC"
"USBR",2024-12-17,24,10729,"PCT","C14","12","SpC"
"USBR",2024-12-18,24,7962,"PCT","C14","12","SpC"
"USBR",2024-12-19,24,5586,"PCT","C14","12","SpC"
"USBR",2024-12-20,24,4143,"PCT","C14","12","SpC"
"USBR",2024-12-21,24,3754,"PCT","C14","12","SpC"
"USBR",2024-12-22,24,3692,"PCT","C14","12","SpC"
"USBR",2024-12-23,24,4382,"PCT","C14","12","SpC"
"USBR",2024-12-24,24,5740,"PCT","C14","12","SpC"
"USBR",2024-12-25,24,4999,"PCT","C14","12","SpC"
"USBR",2024-12-26,24,5476,"PCT","C14","12","SpC"
"USBR",2024-12-27,24,5932,"PCT","C14","12","SpC"
"USBR",2024-12-28,24,4107,"PCT","C14","12","SpC"
"USBR",2024-12-29,24,3303,"PCT","C14","12","SpC"
"USBR",2024-12-30,24,1352,"PCT","C14","12","SpC"
"USBR",2024-12-31,24,829,"PCT","C14","12","SpC"
"USBR",2025-01-01,24,546,"PCT","C14","1","SpC"
"USBR",2025-01-02,24,397,"PCT","C14","1","SpC"
"USBR",2025-01-03,24,364,"PCT","C14","1","SpC"
"USBR",2025-01-04,24,287,"PCT","C14","1","SpC"
"USBR",2025-01-05,24,260,"PCT","C14","1","SpC"
"USBR",2025-01-06,24,313,"PCT","C14","1","SpC"
"USBR",2025-01-07,24,477,"PCT","C14","1","SpC"
"USBR",2025-01-08,24,1411,"PCT","C14","1","SpC"
"USBR",2025-01-09,24,1808,"PCT","C14","1","SpC"
"USBR",2025-01-10,24,1826,"PCT","C14","1","SpC"
"USBR",2025-01-11,24,1729,"PCT","C14","1","SpC"
"USBR",2025-01-12,24,1577,"PCT","C14","1","SpC"
"USBR",2025-01-13,24,1154,"PCT","C14","1","SpC"
"USBR",2025-01-14,24,1160,"PCT","C14","1","SpC"
"USBR",2025-01-15,24,1114,"PCT","C14","1","SpC"
"USBR",2025-01-16,24,1022,"PCT","C14","1","SpC"
"USBR",2025-01-17,24,881,"PCT","C14","1","SpC"
"USBR",2025-01-18,24,601,"PCT","C14","1","SpC"
"USBR",2025-01-19,24,707,"PCT","C14","1","SpC"
"USBR",2025-01-20,24,1232,"PCT","C14","1","SpC"
"USBR",2025-01-21,24,2520,"PCT","C14","1","SpC"
"USBR",2025-01-22,24,4879,"PCT","C14","1","SpC"
"USBR",2025-01-23,24,8027,"PCT","C14","1","SpC"
"USBR",2025-01-24,24,11543,"PCT","C14","1","SpC"
"USBR",2025-01-25,24,13683,"PCT","C14","1","SpC"
"USBR",2025-01-26,24,11075,"PCT","C14","1","SpC"
"USBR",2025-01-27,24,11620,"PCT","C14","1","SpC"
"USBR",2025-01-28,24,11019,"PCT","C14","1","SpC"
"USBR",2025-01-29,24,10355,"PCT","C14","1","SpC"
"USBR",2025-01-30,24,9379,"PCT","C14","1","SpC"
"USBR",2025-01-31,24,8902,"PCT","C14","1","SpC"
"USBR",2025-02-01,24,8905,"PCT","C14","2","SpC"
"USBR",2025-02-02,24,8866,"PCT","C14","2","SpC"
"USBR",2025-02-03,24,7097,"PCT","C14","2","SpC"
"USBR",2025-02-04,24,6062,"PCT","C14","2","SpC"
"USBR",2025-02-05,24,2599,"PCT","C14","2","SpC"
"USBR",2025-02-06,24,1155,"PCT","C14","2","SpC"
"USBR",2025-02-07,24,632,"PCT","C14","2","SpC"
"USBR",2025-02-08,24,270,"PCT","C14","2","SpC"
"USBR",2025-02-09,24,166,"PCT","C14","2","SpC"
"USBR",2025-02-12,24,141,"PCT","C14","2","SpC"
"USBR",2025-02-13,24,137,"PCT","C14","2","SpC"
"USBR",2025-02-14,24,135,"PCT","C14","2","SpC"
"USBR",2025-02-15,24,140,"PCT","C14","2","SpC"
"USBR",2025-02-16,24,141,"PCT","C14","2","SpC"
"USBR",2025-02-17,24,142,"PCT","C14","2","SpC"
"USBR",2025-02-18,24,144,"PCT","C14","2","SpC"
"USBR",2025-02-19,24,173,"PCT","C14","2","SpC"
"USBR",2025-02-20,24,142,"PCT","C14","2","SpC"
"USBR",2025-02-21,24,143,"PCT","C14","2","SpC"
"USBR",2025-02-22,24,146,"PCT","C14","2","SpC"
"USBR",2025-02-23,24,149,"PCT","C14","2","SpC"
"USBR",2025-02-24,24,155,"PCT","C14","2","SpC"
"USBR",2025-02-25,24,162,"PCT","C14","2","SpC"
"USBR",2025-08-18,24,3032,"PCT","C14","8","SpC"
"USBR",2025-08-19,24,3026,"PCT","C14","8","SpC"
"USBR",2025-08-20,24,6139,"PCT","C14","8","SpC"
"USBR",2025-08-21,24,12530,"PCT","C14","8","SpC"
"USBR",2025-08-22,24,13105,"PCT","C14","8","SpC"
"USBR",2025-08-23,24,12786,"PCT","C14","8","SpC"
"USBR",2025-08-24,24,12957,"PCT","C14","8","SpC"
"USBR",2025-08-25,24,12667,"PCT","C14","8","SpC"
"USBR",2025-08-26,24,12055,"PCT","C14","8","SpC"
"USBR",2025-08-27,24,11602,"PCT","C14","8","SpC"
"USBR",2025-08-28,24,10760,"PCT","C14","8","SpC"
"USBR",2025-08-29,24,11638,"PCT","C14","8","SpC"
"USBR",2025-08-30,24,10832,"PCT","C14","8","SpC"
"USBR",2025-08-31,24,11517,"PCT","C14","8","SpC"
"USBR",2025-09-26,24,15986,"PCT","C14","9","SpC"
"USBR",2025-09-27,24,17281,"PCT","C14","9","SpC"
"USBR",2025-09-28,24,15453,"PCT","C14","9","SpC"
"USBR",2025-09-29,24,16017,"PCT","C14","9","SpC"
"USBR",2025-09-30,24,17409,"PCT","C14","9","SpC"
"USBR",2024-10-01,24,188,"SAL","C4","10","SpC"
"USBR",2024-10-02,24,191,"SAL","C4","10","SpC"
"USBR",2024-10-03,24,197,"SAL","C4","10","SpC"
"USBR",2024-10-04,24,214,"SAL","C4","10","SpC"
"USBR",2024-10-05,24,210,"SAL","C4","10","SpC"
"USBR",2024-10-06,24,214,"SAL","C4","10","SpC"
"USBR",2024-10-07,24,220,"SAL","C4","10","SpC"
"USBR",2024-10-08,24,241,"SAL","C4","10","SpC"
"USBR",2024-10-09,24,265,"SAL","C4","10","SpC"
"USBR",2024-10-10,24,270,"SAL","C4","10","SpC"
"USBR",2024-10-11,24,270,"SAL","C4","10","SpC"
"USBR",2024-10-12,24,251,"SAL","C4","10","SpC"
"USBR",2024-10-13,24,233,"SAL","C4","10","SpC"
"USBR",2024-10-14,24,226,"SAL","C4","10","SpC"
"USBR",2024-10-15,24,215,"SAL","C4","10","SpC"
"USBR",2024-10-16,24,209,"SAL","C4","10","SpC"
"USBR",2024-10-17,24,204,"SAL","C4","10","SpC"
"USBR",2024-10-18,24,198,"SAL","C4","10","SpC"
"USBR",2024-10-19,24,203,"SAL","C4","10","SpC"
"USBR",2024-10-20,24,208,"SAL","C4","10","SpC"
"USBR",2024-10-21,24,213,"SAL","C4","10","SpC"
"USBR",2024-10-22,24,213,"SAL","C4","10","SpC"
"USBR",2024-10-23,24,208,"SAL","C4","10","SpC"
"USBR",2024-10-24,24,200,"SAL","C4","10","SpC"
"USBR",2024-10-25,24,198,"SAL","C4","10","SpC"
"USBR",2024-10-26,24,197,"SAL","C4","10","SpC"
"USBR",2024-10-27,24,195,"SAL","C4","10","SpC"
"USBR",2024-10-28,24,196,"SAL","C4","10","SpC"
"USBR",2024-10-29,24,198,"SAL","C4","10","SpC"
"USBR",2024-10-30,24,193,"SAL","C4","10","SpC"
"USBR",2024-10-31,24,194,"SAL","C4","10","SpC"
"USBR",2024-11-01,24,198,"SAL","C4","11","SpC"
"USBR",2024-11-02,24,204,"SAL","C4","11","SpC"
"USBR",2024-11-03,24,199,"SAL","C4","11","SpC"
"USBR",2024-11-04,24,196,"SAL","C4","11","SpC"
"USBR",2024-11-05,24,196,"SAL","C4","11","SpC"
"USBR",2024-11-06,24,200,"SAL","C4","11","SpC"
"USBR",2024-11-07,24,206,"SAL","C4","11","SpC"
"USBR",2024-11-08,24,213,"SAL","C4","11","SpC"
"USBR",2024-11-09,24,217,"SAL","C4","11","SpC"
"USBR",2024-11-10,24,211,"SAL","C4","11","SpC"
"USBR",2024-11-11,24,213,"SAL","C4","11","SpC"
"USBR",2024-11-12,24,212,"SAL","C4","11","SpC"
"USBR",2024-11-13,24,219,"SAL","C4","11","SpC"
"USBR",2024-11-14,24,236,"SAL","C4","11","SpC"
"USBR",2024-11-15,24,268,"SAL","C4","11","SpC"
"USBR",2024-11-16,24,269,"SAL","C4","11","SpC"
"USBR",2024-11-17,24,282,"SAL","C4","11","SpC"
"USBR",2024-11-18,24,284,"SAL","C4","11","SpC"
"USBR",2024-11-19,24,286,"SAL","C4","11","SpC"
"USBR",2024-11-20,24,319,"SAL","C4","11","SpC"
"USBR",2024-11-21,24,369,"SAL","C4","11","SpC"
"USBR",2024-11-22,24,376,"SAL","C4","11","SpC"
"USBR",2024-11-23,24,340,"SAL","C4","11","SpC"
"USBR",2024-11-24,24,314,"SAL","C4","11","SpC"
"USBR",2024-11-25,24,309,"SAL","C4","11","SpC"
"USBR",2024-11-26,24,303,"SAL","C4","11","SpC"
"USBR",2024-11-27,24,272,"SAL","C4","11","SpC"
"USBR",2024-11-28,24,277,"SAL","C4","11","SpC"
"USBR",2024-11-29,24,282,"SAL","C4","11","SpC"
"USBR",2024-11-30,24,287,"SAL","C4","11","SpC"
"USBR",2024-12-01,24,305,"SAL","C4","12","SpC"
"USBR",2024-12-02,24,343,"SAL","C4","12","SpC"
"USBR",2024-12-03,24,349,"SAL","C4","12","SpC"
"USBR",2024-12-04,24,360,"SAL","C4","12","SpC"
"USBR",2024-12-05,24,373,"SAL","C4","12","SpC"
"USBR",2024-12-06,24,382,"SAL","C4","12","SpC"
"USBR",2024-12-07,24,382,"SAL","C4","12","SpC"
"USBR",2024-12-08,24,378,"SAL","C4","12","SpC"
"USBR",2024-12-09,24,364,"SAL","C4","12","SpC"
"USBR",2024-12-10,24,346,"SAL","C4","12","SpC"
"USBR",2024-12-11,24,377,"SAL","C4","12","SpC"
"USBR",2024-12-12,24,448,"SAL","C4","12","SpC"
"USBR",2024-12-13,24,414,"SAL","C4","12","SpC"
"USBR",2024-12-14,24,453,"SAL","C4","12","SpC"
"USBR",2024-12-15,24,398,"SAL","C4","12","SpC"
"USBR",2024-12-16,24,348,"SAL","C4","12","SpC"
"USBR",2024-12-17,24,339,"SAL","C4","12","SpC"
"USBR",2024-12-18,24,310,"SAL","C4","12","SpC"
"USBR",2024-12-19,24,282,"SAL","C4","12","SpC"
"USBR",2024-12-20,24,247,"SAL","C4","12","SpC"
"USBR",2024-12-21,24,227,"SAL","C4","12","SpC"
"USBR",2024-12-22,24,216,"SAL","C4","12","SpC"
"USBR",2024-12-23,24,217,"SAL","C4","12","SpC"
"USBR",2024-12-24,24,219,"SAL","C4","12","SpC"
"USBR",2024-12-25,24,219,"SAL","C4","12","SpC"
"USBR",2024-12-26,24,226,"SAL","C4","12","SpC"
"USBR",2024-12-27,24,231,"SAL","C4","12","SpC"
"USBR",2024-12-28,24,220,"SAL","C4","12","SpC"
"USBR",2024-12-29,24,206,"SAL","C4","12","SpC"
"USBR",2024-12-30,24,189,"SAL","C4","12","SpC"
"USBR",2024-12-31,24,189,"SAL","C4","12","SpC"
"USBR",2025-01-01,24,180,"SAL","C4","1","SpC"
"USBR",2025-01-02,24,177,"SAL","C4","1","SpC"
"USBR",2025-01-03,24,177,"SAL","C4","1","SpC"
"USBR",2025-01-04,24,173,"SAL","C4","1","SpC"
"USBR",2025-01-05,24,174,"SAL","C4","1","SpC"
"USBR",2025-01-06,24,175,"SAL","C4","1","SpC"
"USBR",2025-01-07,24,167,"SAL","C4","1","SpC"
"USBR",2025-01-08,24,166,"SAL","C4","1","SpC"
"USBR",2025-01-09,24,169,"SAL","C4","1","SpC"
"USBR",2025-01-10,24,170,"SAL","C4","1","SpC"
"USBR",2025-01-11,24,170,"SAL","C4","1","SpC"
"USBR",2025-01-12,24,171,"SAL","C4","1","SpC"
"USBR",2025-01-13,24,170,"SAL","C4","1","SpC"
"USBR",2025-01-14,24,173,"SAL","C4","1","SpC"
"USBR",2025-01-15,24,174,"SAL","C4","1","SpC"
"USBR",2025-01-16,24,175,"SAL","C4","1","SpC"
"USBR",2025-01-17,24,176,"SAL","C4","1","SpC"
"USBR",2025-01-18,24,175,"SAL","C4","1","SpC"
"USBR",2025-01-19,24,176,"SAL","C4","1","SpC"
"USBR",2025-01-20,24,176,"SAL","C4","1","SpC"
"USBR",2025-01-21,24,177,"SAL","C4","1","SpC"
"USBR",2025-01-22,24,180,"SAL","C4","1","SpC"
"USBR",2025-01-23,24,183,"SAL","C4","1","SpC"
"USBR",2025-01-24,24,187,"SAL","C4","1","SpC"
"USBR",2025-01-25,24,191,"SAL","C4","1","SpC"
"USBR",2025-01-26,24,192,"SAL","C4","1","SpC"
"USBR",2025-01-27,24,194,"SAL","C4","1","SpC"
"USBR",2025-01-28,24,197,"SAL","C4","1","SpC"
"USBR",2025-01-29,24,198,"SAL","C4","1","SpC"
"USBR",2025-01-30,24,200,"SAL","C4","1","SpC"
"USBR",2025-01-31,24,203,"SAL","C4","1","SpC"
"USBR",2025-02-01,24,204,"SAL","C4","2","SpC"
"USBR",2025-02-02,24,206,"SAL","C4","2","SpC"
"USBR",2025-02-03,24,201,"SAL","C4","2","SpC"
"USBR",2025-02-04,24,186,"SAL","C4","2","SpC"
"USBR",2025-02-05,24,148,"SAL","C4","2","SpC"
"USBR",2025-02-06,24,142,"SAL","C4","2","SpC"
"USBR",2025-02-07,24,134,"SAL","C4","2","SpC"
"USBR",2025-02-08,24,123,"SAL","C4","2","SpC"
"USBR",2025-02-09,24,123,"SAL","C4","2","SpC"
"USBR",2025-02-10,24,119,"SAL","C4","2","SpC"
"USBR",2025-02-11,24,118,"SAL","C4","2","SpC"
"USBR",2025-02-12,24,115,"SAL","C4","2","SpC"
"USBR",2025-02-13,24,117,"SAL","C4","2","SpC"
"USBR",2025-02-14,24,114,"SAL","C4","2","SpC"
"USBR",2025-02-15,24,121,"SAL","C4","2","SpC"
"USBR",2025-02-16,24,118,"SAL","C4","2","SpC"
"USBR",2025-02-17,24,116,"SAL","C4","2","SpC"
"USBR",2025-02-18,24,116,"SAL","C4","2","SpC"
"USBR",2025-02-19,24,120,"SAL","C4","2","SpC"
"USBR",2025-02-20,24,122,"SAL","C4","2","SpC"
"USBR",2025-02-21,24,128,"SAL","C4","2","SpC"
"USBR",2025-02-22,24,132,"SAL","C4","2","SpC"
"USBR",2025-02-23,24,136,"SAL","C4","2","SpC"
"USBR",2025-02-24,24,138,"SAL","C4","2","SpC"
"USBR",2025-02-25,24,140,"SAL","C4","2","SpC"
"USBR",2025-02-26,24,144,"SAL","C4","2","SpC"
"USBR",2025-02-27,24,146,"SAL","C4","2","SpC"
"USBR",2025-02-28,24,149,"SAL","C4","2","SpC"
"USBR",2025-03-01,24,150,"SAL","C4","3","SpC"
"USBR",2025-03-02,24,151,"SAL","C4","3","SpC"
"USBR",2025-03-03,24,153,"SAL","C4","3","SpC"
"USBR",2025-03-04,24,154,"SAL","C4","3","SpC"
"USBR",2025-03-05,24,155,"SAL","C4","3","SpC"
"USBR",2025-03-06,24,157,"SAL","C4","3","SpC"
"USBR",2025-03-07,24,158,"SAL","C4","3","SpC"
"USBR",2025-03-08,24,158,"SAL","C4","3","SpC"
"USBR",2025-03-09,24,159,"SAL","C4","3","SpC"
"USBR",2025-03-10,24,160,"SAL","C4","3","SpC"
"USBR",2025-03-11,24,159,"SAL","C4","3","SpC"
"USBR",2025-03-12,24,159,"SAL","C4","3","SpC"
"USBR",2025-03-13,24,158,"SAL","C4","3","SpC"
"USBR",2025-03-14,24,156,"SAL","C4","3","SpC"
"USBR",2025-03-15,24,157,"SAL","C4","3","SpC"
"USBR",2025-03-16,24,157,"SAL","C4","3","SpC"
"USBR",2025-03-17,24,155,"SAL","C4","3","SpC"
"USBR",2025-03-18,24,151,"SAL","C4","3","SpC"
"USBR",2025-03-19,24,148,"SAL","C4","3","SpC"
"USBR",2025-03-20,24,146,"SAL","C4","3","SpC"
"USBR",2025-03-21,24,145,"SAL","C4","3","SpC"
"USBR",2025-03-22,24,145,"SAL","C4","3","SpC"
"USBR",2025-03-23,24,148,"SAL","C4","3","SpC"
"USBR",2025-03-24,24,152,"SAL","C4","3","SpC"
"USBR",2025-03-25,24,156,"SAL","C4","3","SpC"
"USBR",2025-03-26,24,156,"SAL","C4","3","SpC"
"USBR",2025-03-27,24,153,"SAL","C4","3","SpC"
"USBR",2025-03-28,24,152,"SAL","C4","3","SpC"
"USBR",2025-03-29,24,148,"SAL","C4","3","SpC"
"USBR",2025-03-30,24,148,"SAL","C4","3","SpC"
"USBR",2025-03-31,24,147,"SAL","C4","3","SpC"
"USBR",2025-04-01,24,147,"SAL","C4","4","SpC"
"USBR",2025-04-02,24,148,"SAL","C4","4","SpC"
"USBR",2025-04-03,24,146,"SAL","C4","4","SpC"
"USBR",2025-04-04,24,143,"SAL","C4","4","SpC"
"USBR",2025-04-05,24,141,"SAL","C4","4","SpC"
"USBR",2025-04-06,24,140,"SAL","C4","4","SpC"
"USBR",2025-04-07,24,137,"SAL","C4","4","SpC"
"USBR",2025-04-08,24,134,"SAL","C4","4","SpC"
"USBR",2025-04-09,24,131,"SAL","C4","4","SpC"
"USBR",2025-04-10,24,129,"SAL","C4","4","SpC"
"USBR",2025-04-11,24,129,"SAL","C4","4","SpC"
"USBR",2025-04-12,24,127,"SAL","C4","4","SpC"
"USBR",2025-04-13,24,124,"SAL","C4","4","SpC"
"USBR",2025-04-14,24,123,"SAL","C4","4","SpC"
"USBR",2025-04-15,24,124,"SAL","C4","4","SpC"
"USBR",2025-04-16,24,124,"SAL","C4","4","SpC"
"USBR",2025-04-17,24,124,"SAL","C4","4","SpC"
"USBR",2025-04-18,24,125,"SAL","C4","4","SpC"
"USBR",2025-04-19,24,125,"SAL","C4","4","SpC"
"USBR",2025-04-20,24,126,"SAL","C4","4","SpC"
"USBR",2025-04-21,24,127,"SAL","C4","4","SpC"
"USBR",2025-04-22,24,128,"SAL","C4","4","SpC"
"USBR",2025-04-23,24,128,"SAL","C4","4","SpC"
"USBR",2025-04-24,24,130,"SAL","C4","4","SpC"
"USBR",2025-04-25,24,131,"SAL","C4","4","SpC"
"USBR",2025-04-26,24,133,"SAL","C4","4","SpC"
"USBR",2025-04-27,24,134,"SAL","C4","4","SpC"
"USBR",2025-04-28,24,136,"SAL","C4","4","SpC"
"USBR",2025-04-29,24,139,"SAL","C4","4","SpC"
"USBR",2025-04-30,24,142,"SAL","C4","4","SpC"
"USBR",2025-05-01,24,143,"SAL","C4","5","SpC"
"USBR",2025-05-02,24,145,"SAL","C4","5","SpC"
"USBR",2025-05-03,24,148,"SAL","C4","5","SpC"
"USBR",2025-05-04,24,151,"SAL","C4","5","SpC"
"USBR",2025-05-05,24,153,"SAL","C4","5","SpC"
"USBR",2025-05-06,24,151,"SAL","C4","5","SpC"
"USBR",2025-05-07,24,153,"SAL","C4","5","SpC"
"USBR",2025-05-08,24,153,"SAL","C4","5","SpC"
"USBR",2025-05-09,24,153,"SAL","C4","5","SpC"
"USBR",2025-05-10,24,153,"SAL","C4","5","SpC"
"USBR",2025-05-11,24,154,"SAL","C4","5","SpC"
"USBR",2025-05-12,24,154,"SAL","C4","5","SpC"
"USBR",2025-05-13,24,152,"SAL","C4","5","SpC"
"USBR",2025-05-14,24,150,"SAL","C4","5","SpC"
"USBR",2025-05-15,24,149,"SAL","C4","5","SpC"
"USBR",2025-05-16,24,150,"SAL","C4","5","SpC"
"USBR",2025-05-17,24,153,"SAL","C4","5","SpC"
"USBR",2025-05-18,24,153,"SAL","C4","5","SpC"
"USBR",2025-05-19,24,154,"SAL","C4","5","SpC"
"USBR",2025-05-20,24,156,"SAL","C4","5","SpC"
"USBR",2025-05-21,24,157,"SAL","C4","5","SpC"
"USBR",2025-05-22,24,158,"SAL","C4","5","SpC"
"USBR",2025-05-23,24,157,"SAL","C4","5","SpC"
"USBR",2025-05-24,24,149,"SAL","C4","5","SpC"
"USBR",2025-05-25,24,141,"SAL","C4","5","SpC"
"USBR",2025-05-26,24,144,"SAL","C4","5","SpC"
"USBR",2025-05-27,24,145,"SAL","C4","5","SpC"
"USBR",2025-05-28,24,145,"SAL","C4","5","SpC"
"USBR",2025-05-29,24,147,"SAL","C4","5","SpC"
"USBR",2025-05-30,24,148,"SAL","C4","5","SpC"
"USBR",2025-05-31,24,148,"SAL","C4","5","SpC"
"USBR",2025-06-01,24,147,"SAL","C4","6","SpC"
"USBR",2025-06-02,24,145,"SAL","C4","6","SpC"
"USBR",2025-06-03,24,145,"SAL","C4","6","SpC"
"USBR",2025-06-04,24,147,"SAL","C4","6","SpC"
"USBR",2025-06-05,24,149,"SAL","C4","6","SpC"
"USBR",2025-06-06,24,150,"SAL","C4","6","SpC"
"USBR",2025-06-07,24,149,"SAL","C4","6","SpC"
"USBR",2025-06-08,24,150,"SAL","C4","6","SpC"
"USBR",2025-06-09,24,149,"SAL","C4","6","SpC"
"USBR",2025-06-10,24,151,"SAL","C4","6","SpC"
"USBR",2025-06-11,24,154,"SAL","C4","6","SpC"
"USBR",2025-06-12,24,156,"SAL","C4","6","SpC"
"USBR",2025-06-13,24,158,"SAL","C4","6","SpC"
"USBR",2025-06-14,24,157,"SAL","C4","6","SpC"
"USBR",2025-06-15,24,157,"SAL","C4","6","SpC"
"USBR",2025-06-16,24,155,"SAL","C4","6","SpC"
"USBR",2025-06-17,24,155,"SAL","C4","6","SpC"
"USBR",2025-06-18,24,154,"SAL","C4","6","SpC"
"USBR",2025-06-19,24,155,"SAL","C4","6","SpC"
"USBR",2025-06-20,24,157,"SAL","C4","6","SpC"
"USBR",2025-06-21,24,156,"SAL","C4","6","SpC"
"USBR",2025-06-22,24,154,"SAL","C4","6","SpC"
"USBR",2025-06-23,24,155,"SAL","C4","6","SpC"
"USBR",2025-06-24,24,155,"SAL","C4","6","SpC"
"USBR",2025-06-25,24,156,"SAL","C4","6","SpC"
"USBR",2025-06-26,24,154,"SAL","C4","6","SpC"
"USBR",2025-06-27,24,152,"SAL","C4","6","SpC"
"USBR",2025-06-28,24,152,"SAL","C4","6","SpC"
"USBR",2025-06-29,24,151,"SAL","C4","6","SpC"
"USBR",2025-06-30,24,149,"SAL","C4","6","SpC"
"USBR",2025-07-01,24,146,"SAL","C4","7","SpC"
"USBR",2025-07-02,24,143,"SAL","C4","7","SpC"
"USBR",2025-07-03,24,141,"SAL","C4","7","SpC"
"USBR",2025-07-04,24,143,"SAL","C4","7","SpC"
"USBR",2025-07-05,24,143,"SAL","C4","7","SpC"
"USBR",2025-07-06,24,141,"SAL","C4","7","SpC"
"USBR",2025-07-07,24,146,"SAL","C4","7","SpC"
"USBR",2025-07-08,24,146,"SAL","C4","7","SpC"
"USBR",2025-07-09,24,167,"SAL","C4","7","SpC"
"USBR",2025-07-10,24,146,"SAL","C4","7","SpC"
"USBR",2025-07-11,24,145,"SAL","C4","7","SpC"
"USBR",2025-07-12,24,149,"SAL","C4","7","SpC"
"USBR",2025-07-13,24,154,"SAL","C4","7","SpC"
"USBR",2025-07-14,24,147,"SAL","C4","7","SpC"
"USBR",2025-07-15,24,146,"SAL","C4","7","SpC"
"USBR",2025-07-16,24,146,"SAL","C4","7","SpC"
"USBR",2025-07-17,24,144,"SAL","C4","7","SpC"
"USBR",2025-07-18,24,142,"SAL","C4","7","SpC"
"USBR",2025-07-19,24,141,"SAL","C4","7","SpC"
"USBR",2025-07-21,24,147,"SAL","C4","7","SpC"
"USBR",2025-07-22,24,144,"SAL","C4","7","SpC"
"USBR",2025-07-23,24,144,"SAL","C4","7","SpC"
"USBR",2025-07-24,24,144,"SAL","C4","7","SpC"
"USBR",2025-07-25,24,145,"SAL","C4","7","SpC"
"USBR",2025-07-26,24,144,"SAL","C4","7","SpC"
"USBR",2025-07-27,24,140,"SAL","C4","7","SpC"
"USBR",2025-07-28,24,137,"SAL","C4","7","SpC"
"USBR",2025-07-29,24,136,"SAL","C4","7","SpC"
"USBR",2025-07-30,24,136,"SAL","C4","7","SpC"
"USBR",2025-07-31,24,138,"SAL","C4","7","SpC"
"USBR",2025-08-01,24,142,"SAL","C4","8","SpC"
"USBR",2025-08-02,24,147,"SAL","C4","8","SpC"
"USBR",2025-08-03,24,155,"SAL","C4","8","SpC"
"USBR",2025-08-04,24,158,"SAL","C4","8","SpC"
"USBR",2025-08-05,24,160,"SAL","C4","8","SpC"
"USBR",2025-08-06,24,162,"SAL","C4","8","SpC"
"USBR",2025-08-07,24,165,"SAL","C4","8","SpC"
"USBR",2025-08-08,24,168,"SAL","C4","8","SpC"
"USBR",2025-08-09,24,171,"SAL","C4","8","SpC"
"USBR",2025-08-10,24,171,"SAL","C4","8","SpC"
"USBR",2025-08-11,24,169,"SAL","C4","8","SpC"
"USBR",2025-08-12,24,172,"SAL","C4","8","SpC"
"USBR",2025-08-13,24,172,"SAL","C4","8","SpC"
"USBR",2025-08-14,24,172,"SAL","C4","8","SpC"
"USBR",2025-08-15,24,174,"SAL","C4","8","SpC"
"USBR",2025-08-16,24,186,"SAL","C4","8","SpC"
"USBR",2025-08-17,24,202,"SAL","C4","8","SpC"
"USBR",2025-08-18,24,209,"SAL","C4","8","SpC"
"USBR",2025-08-19,24,208,"SAL","C4","8","SpC"
"USBR",2025-08-20,24,255,"SAL","C4","8","SpC"
"USBR",2025-08-21,24,218,"SAL","C4","8","SpC"
"USBR",2025-08-22,24,221,"SAL","C4","8","SpC"
"USBR",2025-08-23,24,220,"SAL","C4","8","SpC"
"USBR",2025-08-24,24,213,"SAL","C4","8","SpC"
"USBR",2025-08-25,24,208,"SAL","C4","8","SpC"
"USBR",2025-08-26,24,208,"SAL","C4","8","SpC"
"USBR",2025-08-27,24,208,"SAL","C4","8","SpC"
"USBR",2025-08-28,24,208,"SAL","C4","8","SpC"
"USBR",2025-08-29,24,229,"SAL","C4","8","SpC"
"USBR",2025-08-30,24,240,"SAL","C4","8","SpC"
"USBR",2025-08-31,24,277,"SAL","C4","8","SpC"
"USBR",2025-09-01,24,306,"SAL","C4","9","SpC"
"USBR",2025-09-02,24,354,"SAL","C4","9","SpC"
"USBR",2025-09-03,24,345,"SAL","C4","9","SpC"
"USBR",2025-09-04,24,324,"SAL","C4","9","SpC"
"USBR",2025-09-05,24,327,"SAL","C4","9","SpC"
"USBR",2025-09-06,24,316,"SAL","C4","9","SpC"
"USBR",2025-09-07,24,312,"SAL","C4","9","SpC"
"USBR",2025-09-08,24,300,"SAL","C4","9","SpC"
"USBR",2025-09-09,24,309,"SAL","C4","9","SpC"
"USBR",2025-09-10,24,319,"SAL","C4","9","SpC"
"USBR",2025-09-11,24,326,"SAL","C4","9","SpC"
"USBR",2025-09-12,24,364,"SAL","C4","9","SpC"
"USBR",2025-09-13,24,388,"SAL","C4","9","SpC"
"USBR",2025-09-14,24,411,"SAL","C4","9","SpC"
"USBR",2025-09-15,24,403,"SAL","C4","9","SpC"
"USBR",2025-09-16,24,414,"SAL","C4","9","SpC"
"USBR",2025-09-17,24,414,"SAL","C4","9","SpC"
"USBR",2025-09-18,24,428,"SAL","C4","9","SpC"
"USBR",2025-09-19,24,447,"SAL","C4","9","SpC"
"USBR",2025-09-20,24,418,"SAL","C4","9","SpC"
"USBR",2025-09-21,24,403,"SAL","C4","9","SpC"
"USBR",2025-09-22,24,398,"SAL","C4","9","SpC"
"USBR",2025-09-23,24,398,"SAL","C4","9","SpC"
"USBR",2025-09-24,24,456,"SAL","C4","9","SpC"
"USBR",2025-09-25,24,461,"SAL","C4","9","SpC"
"USBR",2025-09-26,24,513,"SAL","C4","9","SpC"
"USBR",2025-09-27,24,654,"SAL","C4","9","SpC"
"USBR",2025-09-28,24,591,"SAL","C4","9","SpC"
"USBR",2025-09-29,24,618,"SAL","C4","9","SpC"
"USBR",2025-09-30,24,638,"SAL","C4","9","SpC"
"USBR",2024-10-01,24,415,"UNI","C8","10","SpC"
"USBR",2024-10-02,24,424,"UNI","C8","10","SpC"
"USBR",2024-10-03,24,444,"UNI","C8","10","SpC"
"USBR",2024-10-04,24,438,"UNI","C8","10","SpC"
"USBR",2024-10-05,24,450,"UNI","C8","10","SpC"
"USBR",2024-10-06,24,461,"UNI","C8","10","SpC"
"USBR",2024-10-07,24,467,"UNI","C8","10","SpC"
"USBR",2024-10-08,24,459,"UNI","C8","10","SpC"
"USBR",2024-10-09,24,439,"UNI","C8","10","SpC"
"USBR",2024-10-10,24,417,"UNI","C8","10","SpC"
"USBR",2024-10-11,24,414,"UNI","C8","10","SpC"
"USBR",2024-10-12,24,406,"UNI","C8","10","SpC"
"USBR",2024-10-13,24,361,"UNI","C8","10","SpC"
"USBR",2024-10-14,24,300,"UNI","C8","10","SpC"
"USBR",2024-10-15,24,299,"UNI","C8","10","SpC"
"USBR",2024-10-16,24,323,"UNI","C8","10","SpC"
"USBR",2024-10-17,24,315,"UNI","C8","10","SpC"
"USBR",2024-10-18,24,262,"UNI","C8","10","SpC"
"USBR",2024-10-19,24,295,"UNI","C8","10","SpC"
"USBR",2024-10-20,24,301,"UNI","C8","10","SpC"
"USBR",2024-10-21,24,280,"UNI","C8","10","SpC"
"USBR",2024-10-22,24,251,"UNI","C8","10","SpC"
"USBR",2024-10-23,24,266,"UNI","C8","10","SpC"
"USBR",2024-10-24,24,296,"UNI","C8","10","SpC"
"USBR",2024-10-25,24,348,"UNI","C8","10","SpC"
"USBR",2024-10-26,24,374,"UNI","C8","10","SpC"
"USBR",2024-10-27,24,293,"UNI","C8","10","SpC"
"USBR",2024-10-28,24,256,"UNI","C8","10","SpC"
"USBR",2024-10-29,24,271,"UNI","C8","10","SpC"
"USBR",2024-10-30,24,293,"UNI","C8","10","SpC"
"USBR",2024-10-31,24,286,"UNI","C8","10","SpC"
"USBR",2024-11-01,24,301,"UNI","C8","11","SpC"
"USBR",2024-11-02,24,318,"UNI","C8","11","SpC"
"USBR",2024-11-03,24,300,"UNI","C8","11","SpC"
"USBR",2024-11-04,24,300,"UNI","C8","11","SpC"
"USBR",2024-11-05,24,301,"UNI","C8","11","SpC"
"USBR",2024-11-06,24,329,"UNI","C8","11","SpC"
"USBR",2024-11-07,24,367,"UNI","C8","11","SpC"
"USBR",2024-11-08,24,428,"UNI","C8","11","SpC"
"USBR",2024-11-09,24,471,"UNI","C8","11","SpC"
"USBR",2024-11-10,24,494,"UNI","C8","11","SpC"
"USBR",2024-11-11,24,511,"UNI","C8","11","SpC"
"USBR",2024-11-12,24,536,"UNI","C8","11","SpC"
"USBR",2024-11-13,24,552,"UNI","C8","11","SpC"
"USBR",2024-11-14,24,572,"UNI","C8","11","SpC"
"USBR",2024-11-15,24,580,"UNI","C8","11","SpC"
"USBR",2024-11-16,24,584,"UNI","C8","11","SpC"
"USBR",2024-11-17,24,582,"UNI","C8","11","SpC"
"USBR",2024-11-18,24,597,"UNI","C8","11","SpC"
"USBR",2024-11-19,24,601,"UNI","C8","11","SpC"
"USBR",2024-11-20,24,612,"UNI","C8","11","SpC"
"USBR",2024-11-21,24,607,"UNI","C8","11","SpC"
"USBR",2024-12-13,24,662,"UNI","C8","12","SpC"
"USBR",2024-12-14,24,660,"UNI","C8","12","SpC"
"USBR",2024-12-15,24,620,"UNI","C8","12","SpC"
"USBR",2024-12-16,24,644,"UNI","C8","12","SpC"
"USBR",2024-12-17,24,623,"UNI","C8","12","SpC"
"USBR",2024-12-18,24,639,"UNI","C8","12","SpC"
"USBR",2024-12-19,24,676,"UNI","C8","12","SpC"
"USBR",2024-12-20,24,703,"UNI","C8","12","SpC"
"USBR",2024-12-21,24,704,"UNI","C8","12","SpC"
"USBR",2024-12-22,24,699,"UNI","C8","12","SpC"
"USBR",2024-12-23,24,702,"UNI","C8","12","SpC"
"USBR",2024-12-24,24,711,"UNI","C8","12","SpC"
"USBR",2024-12-25,24,728,"UNI","C8","12","SpC"
"USBR",2024-12-26,24,721,"UNI","C8","12","SpC"
"USBR",2024-12-27,24,665,"UNI","C8","12","SpC"
"USBR",2024-12-28,24,687,"UNI","C8","12","SpC"
"USBR",2024-12-29,24,674,"UNI","C8","12","SpC"
"USBR",2024-12-30,24,646,"UNI","C8","12","SpC"
"USBR",2024-12-31,24,667,"UNI","C8","12","SpC"
"USBR",2025-01-01,24,678,"UNI","C8","1","SpC"
"USBR",2025-01-02,24,692,"UNI","C8","1","SpC"
"USBR",2025-01-03,24,707,"UNI","C8","1","SpC"
"USBR",2025-01-04,24,731,"UNI","C8","1","SpC"
"USBR",2025-01-05,24,736,"UNI","C8","1","SpC"
"USBR",2025-01-06,24,726,"UNI","C8","1","SpC"
"USBR",2025-01-07,24,713,"UNI","C8","1","SpC"
"USBR",2025-01-08,24,728,"UNI","C8","1","SpC"
"USBR",2025-01-09,24,735,"UNI","C8","1","SpC"
"USBR",2025-01-10,24,758,"UNI","C8","1","SpC"
"USBR",2025-01-11,24,764,"UNI","C8","1","SpC"
"USBR",2025-01-12,24,756,"UNI","C8","1","SpC"
"USBR",2025-01-13,24,756,"UNI","C8","1","SpC"
"USBR",2025-01-14,24,766,"UNI","C8","1","SpC"
"USBR",2025-01-15,24,763,"UNI","C8","1","SpC"
"USBR",2025-01-16,24,768,"UNI","C8","1","SpC"
"USBR",2025-01-17,24,773,"UNI","C8","1","SpC"
"USBR",2025-01-18,24,779,"UNI","C8","1","SpC"
"USBR",2025-01-19,24,775,"UNI","C8","1","SpC"
"USBR",2025-01-20,24,776,"UNI","C8","1","SpC"
"USBR",2025-01-21,24,777,"UNI","C8","1","SpC"
"USBR",2025-01-22,24,749,"UNI","C8","1","SpC"
"USBR",2025-01-23,24,677,"UNI","C8","1","SpC"
"USBR",2025-01-24,24,729,"UNI","C8","1","SpC"
"USBR",2025-01-30,24,733,"UNI","C8","1","SpC"
"USBR",2025-02-04,24,707,"UNI","C8","2","SpC"
"USBR",2025-02-05,24,688,"UNI","C8","2","SpC"
"USBR",2025-02-06,24,690,"UNI","C8","2","SpC"
"USBR",2025-02-07,24,672,"UNI","C8","2","SpC"
"USBR",2025-02-09,24,737,"UNI","C8","2","SpC"
"USBR",2025-02-10,24,753,"UNI","C8","2","SpC"
"USBR",2025-02-11,24,765,"UNI","C8","2","SpC"
"USBR",2025-02-12,24,776,"UNI","C8","2","SpC"
"USBR",2025-02-13,24,768,"UNI","C8","2","SpC"
"USBR",2025-02-14,24,752,"UNI","C8","2","SpC"
"USBR",2025-02-15,24,684,"UNI","C8","2","SpC"
"USBR",2025-02-16,24,517,"UNI","C8","2","SpC"
"USBR",2025-02-17,24,428,"UNI","C8","2","SpC"
"USBR",2025-02-18,24,378,"UNI","C8","2","SpC"
"USBR",2025-02-19,24,330,"UNI","C8","2","SpC"
"USBR",2025-02-20,24,378,"UNI","C8","2","SpC"
"USBR",2025-02-21,24,480,"UNI","C8","2","SpC"
"USBR",2025-02-22,24,532,"UNI","C8","2","SpC"
"USBR",2025-02-23,24,566,"UNI","C8","2","SpC"
"USBR",2025-02-24,24,604,"UNI","C8","2","SpC"
"USBR",2025-02-25,24,641,"UNI","C8","2","SpC"
"USBR",2025-02-26,24,639,"UNI","C8","2","SpC"
"USBR",2025-02-27,24,621,"UNI","C8","2","SpC"
"USBR",2025-02-28,24,613,"UNI","C8","2","SpC"
"USBR",2025-03-01,24,612,"UNI","C8","3","SpC"
"USBR",2025-03-02,24,622,"UNI","C8","3","SpC"
"USBR",2025-03-03,24,622,"UNI","C8","3","SpC"
"USBR",2025-03-04,24,612,"UNI","C8","3","SpC"
"USBR",2025-03-05,24,604,"UNI","C8","3","SpC"
"USBR",2025-03-06,24,595,"UNI","C8","3","SpC"
"USBR",2025-03-07,24,594,"UNI","C8","3","SpC"
"USBR",2025-03-08,24,566,"UNI","C8","3","SpC"
"USBR",2025-03-09,24,526,"UNI","C8","3","SpC"
"USBR",2025-03-10,24,454,"UNI","C8","3","SpC"
"USBR",2025-03-11,24,441,"UNI","C8","3","SpC"
"USBR",2025-03-12,24,448,"UNI","C8","3","SpC"
"USBR",2025-03-13,24,471,"UNI","C8","3","SpC"
"USBR",2025-03-14,24,469,"UNI","C8","3","SpC"
"USBR",2025-03-15,24,460,"UNI","C8","3","SpC"
"USBR",2025-03-16,24,404,"UNI","C8","3","SpC"
"USBR",2025-03-17,24,352,"UNI","C8","3","SpC"
"USBR",2025-03-18,24,290,"UNI","C8","3","SpC"
"USBR",2025-03-19,24,278,"UNI","C8","3","SpC"
"USBR",2025-03-20,24,263,"UNI","C8","3","SpC"
"USBR",2025-03-21,24,251,"UNI","C8","3","SpC"
"USBR",2025-03-22,24,256,"UNI","C8","3","SpC"
"USBR",2025-03-23,24,282,"UNI","C8","3","SpC"
"USBR",2025-03-24,24,333,"UNI","C8","3","SpC"
"USBR",2025-03-25,24,387,"UNI","C8","3","SpC"
"USBR",2025-03-26,24,414,"UNI","C8","3","SpC"
"USBR",2025-03-27,24,426,"UNI","C8","3","SpC"
"USBR",2025-03-28,24,430,"UNI","C8","3","SpC"
"USBR",2025-03-29,24,434,"UNI","C8","3","SpC"
"USBR",2025-03-30,24,440,"UNI","C8","3","SpC"
"USBR",2025-03-31,24,456,"UNI","C8","3","SpC"
"USBR",2025-04-01,24,448,"UNI","C8","4","SpC"
"USBR",2025-04-02,24,448,"UNI","C8","4","SpC"
"USBR",2025-04-03,24,461,"UNI","C8","4","SpC"
"USBR",2025-04-04,24,482,"UNI","C8","4","SpC"
"USBR",2025-04-05,24,452,"UNI","C8","4","SpC"
"USBR",2025-04-06,24,445,"UNI","C8","4","SpC"
"USBR",2025-04-07,24,460,"UNI","C8","4","SpC"
"USBR",2025-04-08,24,453,"UNI","C8","4","SpC"
"USBR",2025-04-09,24,468,"UNI","C8","4","SpC"
"USBR",2025-04-10,24,464,"UNI","C8","4","SpC"
"USBR",2025-04-11,24,469,"UNI","C8","4","SpC"
"USBR",2025-04-12,24,471,"UNI","C8","4","SpC"
"USBR",2025-04-13,24,460,"UNI","C8","4","SpC"
"USBR",2025-04-14,24,459,"UNI","C8","4","SpC"
"USBR",2025-04-15,24,448,"UNI","C8","4","SpC"
"USBR",2025-04-16,24,445,"UNI","C8","4","SpC"
"USBR",2025-04-17,24,427,"UNI","C8","4","SpC"
"USBR",2025-04-18,24,407,"UNI","C8","4","SpC"
"USBR",2025-04-19,24,391,"UNI","C8","4","SpC"
"USBR",2025-04-20,24,344,"UNI","C8","4","SpC"
"USBR",2025-04-21,24,334,"UNI","C8","4","SpC"
"USBR",2025-04-22,24,335,"UNI","C8","4","SpC"
"USBR",2025-04-23,24,331,"UNI","C8","4","SpC"
"USBR",2025-04-24,24,311,"UNI","C8","4","SpC"
"USBR",2025-04-25,24,313,"UNI","C8","4","SpC"
"USBR",2025-04-26,24,303,"UNI","C8","4","SpC"
"USBR",2025-04-27,24,272,"UNI","C8","4","SpC"
"USBR",2025-04-28,24,296,"UNI","C8","4","SpC"
"USBR",2025-04-29,24,352,"UNI","C8","4","SpC"
"USBR",2025-04-30,24,394,"UNI","C8","4","SpC"
"USBR",2025-05-01,24,424,"UNI","C8","5","SpC"
"USBR",2025-05-02,24,448,"UNI","C8","5","SpC"
"USBR",2025-05-03,24,351,"UNI","C8","5","SpC"
"USBR",2025-05-04,24,242,"UNI","C8","5","SpC"
"USBR",2025-05-05,24,251,"UNI","C8","5","SpC"
"USBR",2025-05-06,24,307,"UNI","C8","5","SpC"
"USBR",2025-05-07,24,328,"UNI","C8","5","SpC"
"USBR",2025-05-08,24,333,"UNI","C8","5","SpC"
"USBR",2025-05-09,24,349,"UNI","C8","5","SpC"
"USBR",2025-05-10,24,380,"UNI","C8","5","SpC"
"USBR",2025-05-11,24,344,"UNI","C8","5","SpC"
"USBR",2025-05-12,24,299,"UNI","C8","5","SpC"
"USBR",2025-05-13,24,284,"UNI","C8","5","SpC"
"USBR",2025-05-14,24,267,"UNI","C8","5","SpC"
"USBR",2025-05-15,24,284,"UNI","C8","5","SpC"
"USBR",2025-05-16,24,324,"UNI","C8","5","SpC"
"USBR",2025-05-17,24,315,"UNI","C8","5","SpC"
"USBR",2025-05-18,24,240,"UNI","C8","5","SpC"
"USBR",2025-05-19,24,238,"UNI","C8","5","SpC"
"USBR",2025-05-20,24,270,"UNI","C8","5","SpC"
"USBR",2025-05-21,24,281,"UNI","C8","5","SpC"
"USBR",2025-05-22,24,301,"UNI","C8","5","SpC"
"USBR",2025-05-23,24,292,"UNI","C8","5","SpC"
"USBR",2025-05-24,24,255,"UNI","C8","5","SpC"
"USBR",2025-05-25,24,228,"UNI","C8","5","SpC"
"USBR",2025-05-26,24,222,"UNI","C8","5","SpC"
"USBR",2025-05-27,24,231,"UNI","C8","5","SpC"
"USBR",2025-05-28,24,217,"UNI","C8","5","SpC"
"USBR",2025-05-29,24,198,"UNI","C8","5","SpC"
"USBR",2025-05-30,24,191,"UNI","C8","5","SpC"
"USBR",2025-05-31,24,189,"UNI","C8","5","SpC"
"USBR",2025-06-01,24,193,"UNI","C8","6","SpC"
"USBR",2025-06-02,24,230,"UNI","C8","6","SpC"
"USBR",2025-06-03,24,252,"UNI","C8","6","SpC"
"USBR",2025-06-04,24,242,"UNI","C8","6","SpC"
"USBR",2025-06-05,24,225,"UNI","C8","6","SpC"
"USBR",2025-06-06,24,220,"UNI","C8","6","SpC"
"USBR",2025-06-07,24,229,"UNI","C8","6","SpC"
"USBR",2025-06-08,24,243,"UNI","C8","6","SpC"
"USBR",2025-06-09,24,251,"UNI","C8","6","SpC"
"USBR",2025-06-10,24,268,"UNI","C8","6","SpC"
"USBR",2025-06-11,24,259,"UNI","C8","6","SpC"
"USBR",2025-06-12,24,267,"UNI","C8","6","SpC"
"USBR",2025-06-13,24,235,"UNI","C8","6","SpC"
"USBR",2025-06-14,24,237,"UNI","C8","6","SpC"
"USBR",2025-06-15,24,286,"UNI","C8","6","SpC"
"USBR",2025-06-16,24,350,"UNI","C8","6","SpC"
"USBR",2025-06-20,24,324,"UNI","C8","6","SpC"
"USBR",2025-06-25,24,250,"UNI","C8","6","SpC"
"USBR",2025-06-26,24,311,"UNI","C8","6","SpC"
"USBR",2025-06-27,24,287,"UNI","C8","6","SpC"
"USBR",2025-06-28,24,256,"UNI","C8","6","SpC"
"USBR",2025-06-29,24,233,"UNI","C8","6","SpC"
"USBR",2025-06-30,24,230,"UNI","C8","6","SpC"
"USBR",2025-07-01,24,289,"UNI","C8","7","SpC"
"USBR",2025-07-02,24,355,"UNI","C8","7","SpC"
"USBR",2025-07-03,24,371,"UNI","C8","7","SpC"
"USBR",2025-07-04,24,401,"UNI","C8","7","SpC"
"USBR",2025-07-05,24,406,"UNI","C8","7","SpC"
"USBR",2025-07-06,24,435,"UNI","C8","7","SpC"
"USBR",2025-07-07,24,459,"UNI","C8","7","SpC"
"USBR",2025-07-08,24,507,"UNI","C8","7","SpC"
"USBR",2025-07-09,24,507,"UNI","C8","7","SpC"
"USBR",2025-07-10,24,470,"UNI","C8","7","SpC"
"USBR",2025-07-11,24,475,"UNI","C8","7","SpC"
"USBR",2025-07-12,24,466,"UNI","C8","7","SpC"
"USBR",2025-07-13,24,469,"UNI","C8","7","SpC"
"USBR",2025-07-14,24,519,"UNI","C8","7","SpC"
"USBR",2025-07-15,24,581,"UNI","C8","7","SpC"
"USBR",2025-07-16,24,579,"UNI","C8","7","SpC"
"USBR",2025-07-17,24,562,"UNI","C8","7","SpC"
"USBR",2025-07-18,24,581,"UNI","C8","7","SpC"
"USBR",2025-07-19,24,585,"UNI","C8","7","SpC"
"USBR",2025-07-21,24,569,"UNI","C8","7","SpC"
"USBR",2025-07-22,24,548,"UNI","C8","7","SpC"
"USBR",2025-07-23,24,547,"UNI","C8","7","SpC"
"USBR",2025-07-24,24,531,"UNI","C8","7","SpC"
"USBR",2025-07-25,24,516,"UNI","C8","7","SpC"
"USBR",2025-07-26,24,448,"UNI","C8","7","SpC"
"USBR",2025-07-27,24,497,"UNI","C8","7","SpC"
"USBR",2025-07-28,24,520,"UNI","C8","7","SpC"
"USBR",2025-07-29,24,553,"UNI","C8","7","SpC"
"USBR",2025-07-30,24,565,"UNI","C8","7","SpC"
"USBR",2025-07-31,24,536,"UNI","C8","7","SpC"
"USBR",2025-08-01,24,493,"UNI","C8","8","SpC"
"USBR",2025-08-02,24,468,"UNI","C8","8","SpC"
"USBR",2025-08-03,24,447,"UNI","C8","8","SpC"
"USBR",2025-08-04,24,414,"UNI","C8","8","SpC"
"USBR",2025-08-05,24,503,"UNI","C8","8","SpC"
"USBR",2025-08-06,24,491,"UNI","C8","8","SpC"
"USBR",2025-08-07,24,486,"UNI","C8","8","SpC"
"USBR",2025-08-08,24,504,"UNI","C8","8","SpC"
"USBR",2025-08-09,24,506,"UNI","C8","8","SpC"
"USBR",2025-08-10,24,498,"UNI","C8","8","SpC"
"USBR",2025-08-11,24,527,"UNI","C8","8","SpC"
"USBR",2025-08-12,24,538,"UNI","C8","8","SpC"
"USBR",2025-08-13,24,527,"UNI","C8","8","SpC"
"USBR",2025-08-14,24,505,"UNI","C8","8","SpC"
"USBR",2025-08-15,24,486,"UNI","C8","8","SpC"
"USBR",2025-08-16,24,460,"UNI","C8","8","SpC"
"USBR",2025-08-17,24,449,"UNI","C8","8","SpC"
"USBR",2025-08-18,24,427,"UNI","C8","8","SpC"
"USBR",2025-08-19,24,446,"UNI","C8","8","SpC"
"USBR",2025-08-20,24,454,"UNI","C8","8","SpC"
"USBR",2025-08-21,24,459,"UNI","C8","8","SpC"
"USBR",2025-08-22,24,478,"UNI","C8","8","SpC"
"USBR",2025-08-23,24,477,"UNI","C8","8","SpC"
"USBR",2025-08-24,24,487,"UNI","C8","8","SpC"
"USBR",2025-08-25,24,520,"UNI","C8","8","SpC"
"USBR",2025-08-26,24,498,"UNI","C8","8","SpC"
"USBR",2025-08-27,24,506,"UNI","C8","8","SpC"
"USBR",2025-08-28,24,535,"UNI","C8","8","SpC"
"USBR",2025-08-29,24,535,"UNI","C8","8","SpC"
"USBR",2025-08-30,24,523,"UNI","C8","8","SpC"
"USBR",2025-08-31,24,504,"UNI","C8","8","SpC"
"USBR",2025-09-01,24,532,"UNI","C8","9","SpC"
"USBR",2025-09-02,24,522,"UNI","C8","9","SpC"
"USBR",2025-09-03,24,539,"UNI","C8","9","SpC"
"USBR",2025-09-04,24,527,"UNI","C8","9","SpC"
"USBR",2025-09-05,24,526,"UNI","C8","9","SpC"
"USBR",2025-09-06,24,511,"UNI","C8","9","SpC"
"USBR",2025-09-07,24,530,"UNI","C8","9","SpC"
"USBR",2025-09-08,24,565,"UNI","C8","9","SpC"
"USBR",2025-09-09,24,535,"UNI","C8","9","SpC"
"USBR",2025-09-10,24,537,"UNI","C8","9","SpC"
"USBR",2025-09-11,24,525,"UNI","C8","9","SpC"
"USBR",2025-09-12,24,480,"UNI","C8","9","SpC"
"USBR",2025-09-13,24,442,"UNI","C8","9","SpC"
"USBR",2025-09-14,24,399,"UNI","C8","9","SpC"
"USBR",2025-09-15,24,375,"UNI","C8","9","SpC"
"USBR",2025-09-16,24,369,"UNI","C8","9","SpC"
"USBR",2025-09-17,24,353,"UNI","C8","9","SpC"
"USBR",2025-09-18,24,349,"UNI","C8","9","SpC"
"USBR",2025-09-19,24,369,"UNI","C8","9","SpC"
"USBR",2025-09-20,24,415,"UNI","C8","9","SpC"
"USBR",2025-09-21,24,436,"UNI","C8","9","SpC"
"USBR",2025-09-22,24,446,"UNI","C8","9","SpC"
"USBR",2025-09-23,24,429,"UNI","C8","9","SpC"
"USBR",2025-09-24,24,387,"UNI","C8","9","SpC"
"USBR",2025-09-25,24,401,"UNI","C8","9","SpC"
"USBR",2025-09-26,24,430,"UNI","C8","9","SpC"
"USBR",2025-09-27,24,455,"UNI","C8","9","SpC"
"USBR",2025-09-28,24,462,"UNI","C8","9","SpC"
"USBR",2025-09-29,24,475,"UNI","C8","9","SpC"
"USBR",2025-09-30,24,490,"UNI","C8","9","SpC"
"USBR",2024-10-01,24,20,"CLL","C2","10","WaterTemperature"
"USBR",2024-10-02,24,20.2,"CLL","C2","10","WaterTemperature"
"USBR",2024-10-03,24,20.5,"CLL","C2","10","WaterTemperature"
"USBR",2024-10-04,24,20.5,"CLL","C2","10","WaterTemperature"
"USBR",2024-10-05,24,20.7,"CLL","C2","10","WaterTemperature"
"USBR",2024-10-06,24,20.9,"CLL","C2","10","WaterTemperature"
"USBR",2024-10-07,24,21.3,"CLL","C2","10","WaterTemperature"
"USBR",2024-10-08,24,21.2,"CLL","C2","10","WaterTemperature"
"USBR",2024-10-09,24,20.9,"CLL","C2","10","WaterTemperature"
"USBR",2024-10-10,24,20.7,"CLL","C2","10","WaterTemperature"
"USBR",2024-10-11,24,20.3,"CLL","C2","10","WaterTemperature"
"USBR",2024-10-12,24,20.1,"CLL","C2","10","WaterTemperature"
"USBR",2024-10-13,24,20.2,"CLL","C2","10","WaterTemperature"
"USBR",2024-10-14,24,20.3,"CLL","C2","10","WaterTemperature"
"USBR",2024-10-15,24,20.2,"CLL","C2","10","WaterTemperature"
"USBR",2024-10-16,24,20,"CLL","C2","10","WaterTemperature"
"USBR",2024-10-17,24,19.7,"CLL","C2","10","WaterTemperature"
"USBR",2024-10-18,24,19,"CLL","C2","10","WaterTemperature"
"USBR",2024-10-19,24,18.6,"CLL","C2","10","WaterTemperature"
"USBR",2024-10-20,24,18.6,"CLL","C2","10","WaterTemperature"
"USBR",2024-10-21,24,18.5,"CLL","C2","10","WaterTemperature"
"USBR",2024-10-22,24,18.4,"CLL","C2","10","WaterTemperature"
"USBR",2024-10-23,24,18.3,"CLL","C2","10","WaterTemperature"
"USBR",2024-10-24,24,18,"CLL","C2","10","WaterTemperature"
"USBR",2024-10-25,24,18,"CLL","C2","10","WaterTemperature"
"USBR",2024-10-26,24,17.8,"CLL","C2","10","WaterTemperature"
"USBR",2024-10-27,24,17.8,"CLL","C2","10","WaterTemperature"
"USBR",2024-10-28,24,17.6,"CLL","C2","10","WaterTemperature"
"USBR",2024-10-29,24,17.2,"CLL","C2","10","WaterTemperature"
"USBR",2024-10-30,24,17,"CLL","C2","10","WaterTemperature"
"USBR",2024-10-31,24,16.8,"CLL","C2","10","WaterTemperature"
"USBR",2024-11-01,24,16.6,"CLL","C2","11","WaterTemperature"
"USBR",2024-11-02,24,16.5,"CLL","C2","11","WaterTemperature"
"USBR",2024-11-03,23,16.3,"CLL","C2","11","WaterTemperature"
"USBR",2024-11-04,24,16.1,"CLL","C2","11","WaterTemperature"
"USBR",2024-11-05,24,16,"CLL","C2","11","WaterTemperature"
"USBR",2024-11-06,24,15.4,"CLL","C2","11","WaterTemperature"
"USBR",2024-11-07,24,15.2,"CLL","C2","11","WaterTemperature"
"USBR",2024-11-08,24,15.1,"CLL","C2","11","WaterTemperature"
"USBR",2024-11-09,24,15,"CLL","C2","11","WaterTemperature"
"USBR",2024-11-10,24,14.8,"CLL","C2","11","WaterTemperature"
"USBR",2024-11-11,24,14.8,"CLL","C2","11","WaterTemperature"
"USBR",2024-11-12,24,14.5,"CLL","C2","11","WaterTemperature"
"USBR",2024-11-13,24,14.4,"CLL","C2","11","WaterTemperature"
"USBR",2024-11-14,24,14.3,"CLL","C2","11","WaterTemperature"
"USBR",2024-11-15,24,14.1,"CLL","C2","11","WaterTemperature"
"USBR",2024-11-16,24,13.9,"CLL","C2","11","WaterTemperature"
"USBR",2024-11-17,24,13.7,"CLL","C2","11","WaterTemperature"
"USBR",2024-11-18,24,13.5,"CLL","C2","11","WaterTemperature"
"USBR",2024-11-19,24,13.2,"CLL","C2","11","WaterTemperature"
"USBR",2024-11-20,24,12.9,"CLL","C2","11","WaterTemperature"
"USBR",2024-11-21,24,12.9,"CLL","C2","11","WaterTemperature"
"USBR",2024-11-22,24,12.8,"CLL","C2","11","WaterTemperature"
"USBR",2024-11-23,24,12.7,"CLL","C2","11","WaterTemperature"
"USBR",2024-11-24,24,12.4,"CLL","C2","11","WaterTemperature"
"USBR",2024-11-25,24,12,"CLL","C2","11","WaterTemperature"
"USBR",2024-11-26,24,11.7,"CLL","C2","11","WaterTemperature"
"USBR",2024-11-27,24,11.4,"CLL","C2","11","WaterTemperature"
"USBR",2024-11-28,24,11.3,"CLL","C2","11","WaterTemperature"
"USBR",2024-11-29,12,11.2,"CLL","C2","11","WaterTemperature"
"USBR",2024-12-05,13,11,"CLL","C2","12","WaterTemperature"
"USBR",2024-12-06,24,10.8,"CLL","C2","12","WaterTemperature"
"USBR",2024-12-07,24,10.7,"CLL","C2","12","WaterTemperature"
"USBR",2024-12-08,24,10.8,"CLL","C2","12","WaterTemperature"
"USBR",2024-12-09,24,10.7,"CLL","C2","12","WaterTemperature"
"USBR",2024-12-10,24,10.5,"CLL","C2","12","WaterTemperature"
"USBR",2024-12-11,24,10.5,"CLL","C2","12","WaterTemperature"
"USBR",2024-12-12,24,10.6,"CLL","C2","12","WaterTemperature"
"USBR",2024-12-13,24,10.7,"CLL","C2","12","WaterTemperature"
"USBR",2024-12-14,24,10.7,"CLL","C2","12","WaterTemperature"
"USBR",2024-12-15,24,10.6,"CLL","C2","12","WaterTemperature"
"USBR",2024-12-16,24,10.4,"CLL","C2","12","WaterTemperature"
"USBR",2024-12-17,24,10.3,"CLL","C2","12","WaterTemperature"
"USBR",2024-12-18,23,10.1,"CLL","C2","12","WaterTemperature"
"USBR",2024-12-19,24,9.6,"CLL","C2","12","WaterTemperature"
"USBR",2024-12-20,24,9.4,"CLL","C2","12","WaterTemperature"
"USBR",2024-12-21,24,9.5,"CLL","C2","12","WaterTemperature"
"USBR",2024-12-22,24,9.7,"CLL","C2","12","WaterTemperature"
"USBR",2024-12-23,24,10,"CLL","C2","12","WaterTemperature"
"USBR",2024-12-24,24,10.1,"CLL","C2","12","WaterTemperature"
"USBR",2024-12-25,24,10,"CLL","C2","12","WaterTemperature"
"USBR",2024-12-26,24,10.3,"CLL","C2","12","WaterTemperature"
"USBR",2024-12-27,24,10.7,"CLL","C2","12","WaterTemperature"
"USBR",2024-12-28,24,11.1,"CLL","C2","12","WaterTemperature"
"USBR",2024-12-29,24,11.3,"CLL","C2","12","WaterTemperature"
"USBR",2024-12-30,24,11.2,"CLL","C2","12","WaterTemperature"
"USBR",2024-12-31,24,11,"CLL","C2","12","WaterTemperature"
"USBR",2025-01-01,24,11,"CLL","C2","1","WaterTemperature"
"USBR",2025-01-02,24,11.1,"CLL","C2","1","WaterTemperature"
"USBR",2025-01-03,24,11,"CLL","C2","1","WaterTemperature"
"USBR",2025-01-04,24,10.7,"CLL","C2","1","WaterTemperature"
"USBR",2025-01-05,24,10.4,"CLL","C2","1","WaterTemperature"
"USBR",2025-01-06,24,10.1,"CLL","C2","1","WaterTemperature"
"USBR",2025-01-07,24,10.1,"CLL","C2","1","WaterTemperature"
"USBR",2025-01-08,24,10,"CLL","C2","1","WaterTemperature"
"USBR",2025-01-09,24,10.1,"CLL","C2","1","WaterTemperature"
"USBR",2025-01-10,24,10.2,"CLL","C2","1","WaterTemperature"
"USBR",2025-01-11,24,10,"CLL","C2","1","WaterTemperature"
"USBR",2025-01-12,24,9.8,"CLL","C2","1","WaterTemperature"
"USBR",2025-01-13,24,9.6,"CLL","C2","1","WaterTemperature"
"USBR",2025-01-14,24,9.6,"CLL","C2","1","WaterTemperature"
"USBR",2025-01-15,24,9.6,"CLL","C2","1","WaterTemperature"
"USBR",2025-01-16,24,9.6,"CLL","C2","1","WaterTemperature"
"USBR",2025-01-17,24,9.6,"CLL","C2","1","WaterTemperature"
"USBR",2025-01-18,24,9.5,"CLL","C2","1","WaterTemperature"
"USBR",2025-01-19,24,9.4,"CLL","C2","1","WaterTemperature"
"USBR",2025-01-20,24,9.3,"CLL","C2","1","WaterTemperature"
"USBR",2025-01-21,23,9.3,"CLL","C2","1","WaterTemperature"
"USBR",2025-01-22,24,9.4,"CLL","C2","1","WaterTemperature"
"USBR",2025-01-23,24,9.6,"CLL","C2","1","WaterTemperature"
"USBR",2025-01-24,24,9.7,"CLL","C2","1","WaterTemperature"
"USBR",2025-01-25,24,9.8,"CLL","C2","1","WaterTemperature"
"USBR",2025-01-26,24,9.6,"CLL","C2","1","WaterTemperature"
"USBR",2025-01-27,24,9.4,"CLL","C2","1","WaterTemperature"
"USBR",2025-01-28,24,9.4,"CLL","C2","1","WaterTemperature"
"USBR",2025-01-29,24,9.4,"CLL","C2","1","WaterTemperature"
"USBR",2025-01-30,24,9.4,"CLL","C2","1","WaterTemperature"
"USBR",2025-01-31,24,9.4,"CLL","C2","1","WaterTemperature"
"USBR",2025-02-01,24,9.5,"CLL","C2","2","WaterTemperature"
"USBR",2025-02-02,24,9.7,"CLL","C2","2","WaterTemperature"
"USBR",2025-02-03,24,10,"CLL","C2","2","WaterTemperature"
"USBR",2025-02-04,24,10.1,"CLL","C2","2","WaterTemperature"
"USBR",2025-02-05,24,10.2,"CLL","C2","2","WaterTemperature"
"USBR",2025-02-06,24,10.2,"CLL","C2","2","WaterTemperature"
"USBR",2025-02-07,24,10.4,"CLL","C2","2","WaterTemperature"
"USBR",2025-02-08,24,10.2,"CLL","C2","2","WaterTemperature"
"USBR",2025-02-09,24,9.9,"CLL","C2","2","WaterTemperature"
"USBR",2025-02-10,24,9.4,"CLL","C2","2","WaterTemperature"
"USBR",2025-02-11,24,8.9,"CLL","C2","2","WaterTemperature"
"USBR",2025-02-12,24,8.7,"CLL","C2","2","WaterTemperature"
"USBR",2025-02-13,24,9,"CLL","C2","2","WaterTemperature"
"USBR",2025-02-14,24,9.7,"CLL","C2","2","WaterTemperature"
"USBR",2025-02-15,24,10.2,"CLL","C2","2","WaterTemperature"
"USBR",2025-02-16,24,10.4,"CLL","C2","2","WaterTemperature"
"USBR",2025-02-17,24,10.5,"CLL","C2","2","WaterTemperature"
"USBR",2025-02-18,24,10.7,"CLL","C2","2","WaterTemperature"
"USBR",2025-02-19,24,10.8,"CLL","C2","2","WaterTemperature"
"USBR",2025-02-20,24,11.1,"CLL","C2","2","WaterTemperature"
"USBR",2025-02-21,24,11.4,"CLL","C2","2","WaterTemperature"
"USBR",2025-02-22,24,11.6,"CLL","C2","2","WaterTemperature"
"USBR",2025-02-23,24,11.7,"CLL","C2","2","WaterTemperature"
"USBR",2025-02-24,24,11.9,"CLL","C2","2","WaterTemperature"
"USBR",2025-02-25,24,12,"CLL","C2","2","WaterTemperature"
"USBR",2025-02-26,24,12,"CLL","C2","2","WaterTemperature"
"USBR",2025-02-27,24,12.2,"CLL","C2","2","WaterTemperature"
"USBR",2025-02-28,24,12.5,"CLL","C2","2","WaterTemperature"
"USBR",2025-03-01,24,12.7,"CLL","C2","3","WaterTemperature"
"USBR",2025-03-02,24,12.6,"CLL","C2","3","WaterTemperature"
"USBR",2025-03-03,24,12.5,"CLL","C2","3","WaterTemperature"
"USBR",2025-03-04,24,12.8,"CLL","C2","3","WaterTemperature"
"USBR",2025-03-05,24,12.7,"CLL","C2","3","WaterTemperature"
"USBR",2025-03-06,24,12.5,"CLL","C2","3","WaterTemperature"
"USBR",2025-03-07,24,12.4,"CLL","C2","3","WaterTemperature"
"USBR",2025-03-08,24,12.5,"CLL","C2","3","WaterTemperature"
"USBR",2025-03-09,23,12.5,"CLL","C2","3","WaterTemperature"
"USBR",2025-03-10,24,12.5,"CLL","C2","3","WaterTemperature"
"USBR",2025-03-11,24,12.5,"CLL","C2","3","WaterTemperature"
"USBR",2025-03-12,24,12.4,"CLL","C2","3","WaterTemperature"
"USBR",2025-03-13,24,12.4,"CLL","C2","3","WaterTemperature"
"USBR",2025-03-14,24,12.1,"CLL","C2","3","WaterTemperature"
"USBR",2025-03-15,24,12.1,"CLL","C2","3","WaterTemperature"
"USBR",2025-03-16,24,12.2,"CLL","C2","3","WaterTemperature"
"USBR",2025-03-17,24,12.2,"CLL","C2","3","WaterTemperature"
"USBR",2025-03-18,24,12,"CLL","C2","3","WaterTemperature"
"USBR",2025-03-19,24,11.9,"CLL","C2","3","WaterTemperature"
"USBR",2025-03-20,24,12,"CLL","C2","3","WaterTemperature"
"USBR",2025-03-21,24,12.1,"CLL","C2","3","WaterTemperature"
"USBR",2025-03-22,24,12.2,"CLL","C2","3","WaterTemperature"
"USBR",2025-03-23,24,12.5,"CLL","C2","3","WaterTemperature"
"USBR",2025-03-24,24,13.1,"CLL","C2","3","WaterTemperature"
"USBR",2025-03-25,24,13.6,"CLL","C2","3","WaterTemperature"
"USBR",2025-03-26,24,13.8,"CLL","C2","3","WaterTemperature"
"USBR",2025-03-27,24,14.1,"CLL","C2","3","WaterTemperature"
"USBR",2025-03-28,24,14.3,"CLL","C2","3","WaterTemperature"
"USBR",2025-03-29,24,14.5,"CLL","C2","3","WaterTemperature"
"USBR",2025-03-30,24,14.7,"CLL","C2","3","WaterTemperature"
"USBR",2025-03-31,24,14.7,"CLL","C2","3","WaterTemperature"
"USBR",2025-04-01,24,14.3,"CLL","C2","4","WaterTemperature"
"USBR",2025-04-02,24,14.1,"CLL","C2","4","WaterTemperature"
"USBR",2025-04-03,24,14,"CLL","C2","4","WaterTemperature"
"USBR",2025-04-04,24,13.7,"CLL","C2","4","WaterTemperature"
"USBR",2025-04-05,24,13.9,"CLL","C2","4","WaterTemperature"
"USBR",2025-04-06,24,14.1,"CLL","C2","4","WaterTemperature"
"USBR",2025-04-07,24,14.2,"CLL","C2","4","WaterTemperature"
"USBR",2025-04-08,24,14.5,"CLL","C2","4","WaterTemperature"
"USBR",2025-04-09,24,14.8,"CLL","C2","4","WaterTemperature"
"USBR",2025-04-10,23,15.2,"CLL","C2","4","WaterTemperature"
"USBR",2025-04-11,24,15.5,"CLL","C2","4","WaterTemperature"
"USBR",2025-04-12,24,15.5,"CLL","C2","4","WaterTemperature"
"USBR",2025-04-13,24,15.7,"CLL","C2","4","WaterTemperature"
"USBR",2025-04-14,24,16.1,"CLL","C2","4","WaterTemperature"
"USBR",2025-04-15,24,16,"CLL","C2","4","WaterTemperature"
"USBR",2025-04-16,24,15.9,"CLL","C2","4","WaterTemperature"
"USBR",2025-04-17,24,15.9,"CLL","C2","4","WaterTemperature"
"USBR",2025-04-18,24,16,"CLL","C2","4","WaterTemperature"
"USBR",2025-04-19,24,16.2,"CLL","C2","4","WaterTemperature"
"USBR",2025-04-20,24,16.3,"CLL","C2","4","WaterTemperature"
"USBR",2025-04-21,24,16.7,"CLL","C2","4","WaterTemperature"
"USBR",2025-04-22,24,17,"CLL","C2","4","WaterTemperature"
"USBR",2025-04-23,24,17,"CLL","C2","4","WaterTemperature"
"USBR",2025-04-24,24,16.8,"CLL","C2","4","WaterTemperature"
"USBR",2025-04-25,24,16.4,"CLL","C2","4","WaterTemperature"
"USBR",2025-04-26,24,16.3,"CLL","C2","4","WaterTemperature"
"USBR",2025-04-27,24,16.2,"CLL","C2","4","WaterTemperature"
"USBR",2025-04-28,24,16.4,"CLL","C2","4","WaterTemperature"
"USBR",2025-04-29,24,16.7,"CLL","C2","4","WaterTemperature"
"USBR",2025-04-30,24,17.1,"CLL","C2","4","WaterTemperature"
"USBR",2025-05-01,24,17.3,"CLL","C2","5","WaterTemperature"
"USBR",2025-05-02,24,17.3,"CLL","C2","5","WaterTemperature"
"USBR",2025-05-03,24,17.3,"CLL","C2","5","WaterTemperature"
"USBR",2025-05-04,24,17.3,"CLL","C2","5","WaterTemperature"
"USBR",2025-05-05,24,17.3,"CLL","C2","5","WaterTemperature"
"USBR",2025-05-06,24,17.7,"CLL","C2","5","WaterTemperature"
"USBR",2025-05-07,24,17.7,"CLL","C2","5","WaterTemperature"
"USBR",2025-05-08,24,17.9,"CLL","C2","5","WaterTemperature"
"USBR",2025-05-09,24,18.4,"CLL","C2","5","WaterTemperature"
"USBR",2025-05-10,24,18.7,"CLL","C2","5","WaterTemperature"
"USBR",2025-05-11,24,18.8,"CLL","C2","5","WaterTemperature"
"USBR",2025-05-12,24,18.6,"CLL","C2","5","WaterTemperature"
"USBR",2025-05-13,24,18.6,"CLL","C2","5","WaterTemperature"
"USBR",2025-05-14,24,18.9,"CLL","C2","5","WaterTemperature"
"USBR",2025-05-15,24,19.2,"CLL","C2","5","WaterTemperature"
"USBR",2025-05-16,24,19.4,"CLL","C2","5","WaterTemperature"
"USBR",2025-05-17,24,19.4,"CLL","C2","5","WaterTemperature"
"USBR",2025-05-18,24,19.3,"CLL","C2","5","WaterTemperature"
"USBR",2025-05-19,24,19.5,"CLL","C2","5","WaterTemperature"
"USBR",2025-05-20,24,19.6,"CLL","C2","5","WaterTemperature"
"USBR",2025-05-21,24,19.6,"CLL","C2","5","WaterTemperature"
"USBR",2025-05-22,24,19.7,"CLL","C2","5","WaterTemperature"
"USBR",2025-05-23,24,19.4,"CLL","C2","5","WaterTemperature"
"USBR",2025-05-24,24,19.4,"CLL","C2","5","WaterTemperature"
"USBR",2025-05-25,24,19.2,"CLL","C2","5","WaterTemperature"
"USBR",2025-05-26,24,19.1,"CLL","C2","5","WaterTemperature"
"USBR",2025-05-27,24,19.4,"CLL","C2","5","WaterTemperature"
"USBR",2025-05-28,24,19.5,"CLL","C2","5","WaterTemperature"
"USBR",2025-05-29,24,19.5,"CLL","C2","5","WaterTemperature"
"USBR",2025-05-30,24,20.1,"CLL","C2","5","WaterTemperature"
"USBR",2025-05-31,24,20.7,"CLL","C2","5","WaterTemperature"
"USBR",2025-06-01,24,20.9,"CLL","C2","6","WaterTemperature"
"USBR",2025-06-02,24,20.7,"CLL","C2","6","WaterTemperature"
"USBR",2025-06-03,24,20.5,"CLL","C2","6","WaterTemperature"
"USBR",2025-06-04,24,20.4,"CLL","C2","6","WaterTemperature"
"USBR",2025-06-05,24,20.2,"CLL","C2","6","WaterTemperature"
"USBR",2025-06-06,24,20,"CLL","C2","6","WaterTemperature"
"USBR",2025-06-07,24,19.9,"CLL","C2","6","WaterTemperature"
"USBR",2025-06-08,24,19.6,"CLL","C2","6","WaterTemperature"
"USBR",2025-06-09,24,19.6,"CLL","C2","6","WaterTemperature"
"USBR",2025-06-10,24,19.6,"CLL","C2","6","WaterTemperature"
"USBR",2025-06-11,24,19.5,"CLL","C2","6","WaterTemperature"
"USBR",2025-06-12,24,19.6,"CLL","C2","6","WaterTemperature"
"USBR",2025-06-13,24,19.7,"CLL","C2","6","WaterTemperature"
"USBR",2025-06-14,24,19.9,"CLL","C2","6","WaterTemperature"
"USBR",2025-06-15,24,20.2,"CLL","C2","6","WaterTemperature"
"USBR",2025-06-16,24,20.3,"CLL","C2","6","WaterTemperature"
"USBR",2025-06-17,24,20.4,"CLL","C2","6","WaterTemperature"
"USBR",2025-06-18,24,20.7,"CLL","C2","6","WaterTemperature"
"USBR",2025-06-19,24,20.7,"CLL","C2","6","WaterTemperature"
"USBR",2025-06-20,24,20.3,"CLL","C2","6","WaterTemperature"
"USBR",2025-06-21,24,20,"CLL","C2","6","WaterTemperature"
"USBR",2025-06-22,24,20.2,"CLL","C2","6","WaterTemperature"
"USBR",2025-06-23,24,20.2,"CLL","C2","6","WaterTemperature"
"USBR",2025-06-24,24,20.3,"CLL","C2","6","WaterTemperature"
"USBR",2025-06-25,24,20.2,"CLL","C2","6","WaterTemperature"
"USBR",2025-06-26,24,20.5,"CLL","C2","6","WaterTemperature"
"USBR",2025-06-27,24,20.9,"CLL","C2","6","WaterTemperature"
"USBR",2025-06-28,24,21.3,"CLL","C2","6","WaterTemperature"
"USBR",2025-06-29,24,21.5,"CLL","C2","6","WaterTemperature"
"USBR",2025-06-30,24,21.6,"CLL","C2","6","WaterTemperature"
"USBR",2025-07-01,24,21.5,"CLL","C2","7","WaterTemperature"
"USBR",2025-07-02,24,21.5,"CLL","C2","7","WaterTemperature"
"USBR",2025-07-03,24,21.5,"CLL","C2","7","WaterTemperature"
"USBR",2025-07-04,24,21.4,"CLL","C2","7","WaterTemperature"
"USBR",2025-07-05,24,21.2,"CLL","C2","7","WaterTemperature"
"USBR",2025-07-06,24,21.1,"CLL","C2","7","WaterTemperature"
"USBR",2025-07-07,24,21,"CLL","C2","7","WaterTemperature"
"USBR",2025-07-08,24,20.8,"CLL","C2","7","WaterTemperature"
"USBR",2025-07-09,24,20.7,"CLL","C2","7","WaterTemperature"
"USBR",2025-07-10,24,21,"CLL","C2","7","WaterTemperature"
"USBR",2025-07-11,24,21.4,"CLL","C2","7","WaterTemperature"
"USBR",2025-07-12,24,21.5,"CLL","C2","7","WaterTemperature"
"USBR",2025-07-13,24,21.3,"CLL","C2","7","WaterTemperature"
"USBR",2025-07-14,24,21.3,"CLL","C2","7","WaterTemperature"
"USBR",2025-07-15,24,21.1,"CLL","C2","7","WaterTemperature"
"USBR",2025-07-16,24,20.8,"CLL","C2","7","WaterTemperature"
"USBR",2025-07-17,24,20.8,"CLL","C2","7","WaterTemperature"
"USBR",2025-07-18,24,20.7,"CLL","C2","7","WaterTemperature"
"USBR",2025-07-19,24,20.5,"CLL","C2","7","WaterTemperature"
"USBR",2025-07-20,24,20.4,"CLL","C2","7","WaterTemperature"
"USBR",2025-07-21,24,20.5,"CLL","C2","7","WaterTemperature"
"USBR",2025-07-22,24,20.4,"CLL","C2","7","WaterTemperature"
"USBR",2025-07-23,24,20.3,"CLL","C2","7","WaterTemperature"
"USBR",2025-07-24,24,20.2,"CLL","C2","7","WaterTemperature"
"USBR",2025-07-25,24,20.1,"CLL","C2","7","WaterTemperature"
"USBR",2025-07-26,24,20.1,"CLL","C2","7","WaterTemperature"
"USBR",2025-07-27,24,20.1,"CLL","C2","7","WaterTemperature"
"USBR",2025-07-28,24,20.4,"CLL","C2","7","WaterTemperature"
"USBR",2025-07-29,24,20.7,"CLL","C2","7","WaterTemperature"
"USBR",2025-07-30,24,20.9,"CLL","C2","7","WaterTemperature"
"USBR",2025-07-31,24,21,"CLL","C2","7","WaterTemperature"
"USBR",2025-08-01,24,21.1,"CLL","C2","8","WaterTemperature"
"USBR",2025-08-02,24,21,"CLL","C2","8","WaterTemperature"
"USBR",2025-08-03,24,21.1,"CLL","C2","8","WaterTemperature"
"USBR",2025-08-04,24,21,"CLL","C2","8","WaterTemperature"
"USBR",2025-08-05,24,21.1,"CLL","C2","8","WaterTemperature"
"USBR",2025-08-06,24,21.3,"CLL","C2","8","WaterTemperature"
"USBR",2025-08-07,24,21.7,"CLL","C2","8","WaterTemperature"
"USBR",2025-08-08,24,22,"CLL","C2","8","WaterTemperature"
"USBR",2025-08-09,24,22.3,"CLL","C2","8","WaterTemperature"
"USBR",2025-08-10,24,22.3,"CLL","C2","8","WaterTemperature"
"USBR",2025-08-11,24,22,"CLL","C2","8","WaterTemperature"
"USBR",2025-08-12,24,21.7,"CLL","C2","8","WaterTemperature"
"USBR",2025-08-13,24,21.5,"CLL","C2","8","WaterTemperature"
"USBR",2025-08-14,24,21.5,"CLL","C2","8","WaterTemperature"
"USBR",2025-08-15,24,21.6,"CLL","C2","8","WaterTemperature"
"USBR",2025-08-16,24,21.6,"CLL","C2","8","WaterTemperature"
"USBR",2025-08-17,24,21.5,"CLL","C2","8","WaterTemperature"
"USBR",2025-08-18,24,21.3,"CLL","C2","8","WaterTemperature"
"USBR",2025-08-19,24,21.3,"CLL","C2","8","WaterTemperature"
"USBR",2025-08-20,24,21.5,"CLL","C2","8","WaterTemperature"
"USBR",2025-08-21,24,21.7,"CLL","C2","8","WaterTemperature"
"USBR",2025-08-22,24,21.9,"CLL","C2","8","WaterTemperature"
"USBR",2025-08-23,24,21.9,"CLL","C2","8","WaterTemperature"
"USBR",2025-08-24,24,21.7,"CLL","C2","8","WaterTemperature"
"USBR",2025-08-25,24,21.6,"CLL","C2","8","WaterTemperature"
"USBR",2025-08-26,24,21.5,"CLL","C2","8","WaterTemperature"
"USBR",2025-08-27,24,21.4,"CLL","C2","8","WaterTemperature"
"USBR",2025-08-28,24,21.3,"CLL","C2","8","WaterTemperature"
"USBR",2025-08-29,24,21.1,"CLL","C2","8","WaterTemperature"
"USBR",2025-08-30,24,21.1,"CLL","C2","8","WaterTemperature"
"USBR",2025-08-31,24,21.2,"CLL","C2","8","WaterTemperature"
"USBR",2025-09-01,24,21.4,"CLL","C2","9","WaterTemperature"
"USBR",2025-09-02,24,21.6,"CLL","C2","9","WaterTemperature"
"USBR",2025-09-03,24,21.6,"CLL","C2","9","WaterTemperature"
"USBR",2025-09-04,24,21.5,"CLL","C2","9","WaterTemperature"
"USBR",2025-09-05,24,21.4,"CLL","C2","9","WaterTemperature"
"USBR",2025-09-06,24,21.3,"CLL","C2","9","WaterTemperature"
"USBR",2025-09-07,24,21.3,"CLL","C2","9","WaterTemperature"
"USBR",2025-09-08,24,21.4,"CLL","C2","9","WaterTemperature"
"USBR",2025-09-09,24,21.5,"CLL","C2","9","WaterTemperature"
"USBR",2025-09-10,24,21.5,"CLL","C2","9","WaterTemperature"
"USBR",2025-09-11,24,21.6,"CLL","C2","9","WaterTemperature"
"USBR",2025-09-12,24,21.6,"CLL","C2","9","WaterTemperature"
"USBR",2025-09-13,24,21.5,"CLL","C2","9","WaterTemperature"
"USBR",2025-09-14,24,21.3,"CLL","C2","9","WaterTemperature"
"USBR",2025-09-15,24,21.6,"CLL","C2","9","WaterTemperature"
"USBR",2025-09-16,24,21.7,"CLL","C2","9","WaterTemperature"
"USBR",2025-09-17,24,21.8,"CLL","C2","9","WaterTemperature"
"USBR",2025-09-18,24,21.8,"CLL","C2","9","WaterTemperature"
"USBR",2025-09-19,24,21.9,"CLL","C2","9","WaterTemperature"
"USBR",2025-09-20,24,21.9,"CLL","C2","9","WaterTemperature"
"USBR",2025-09-21,24,21.9,"CLL","C2","9","WaterTemperature"
"USBR",2025-09-22,24,22,"CLL","C2","9","WaterTemperature"
"USBR",2025-09-23,24,22.2,"CLL","C2","9","WaterTemperature"
"USBR",2025-09-24,24,22.1,"CLL","C2","9","WaterTemperature"
"USBR",2025-09-25,24,21.9,"CLL","C2","9","WaterTemperature"
"USBR",2025-09-26,24,21.7,"CLL","C2","9","WaterTemperature"
"USBR",2025-09-27,24,21.4,"CLL","C2","9","WaterTemperature"
"USBR",2025-09-28,24,21.2,"CLL","C2","9","WaterTemperature"
"USBR",2025-09-29,20,21,"CLL","C2","9","WaterTemperature"
"USBR",2025-09-30,13,20.9,"CLL","C2","9","WaterTemperature"
"USBR",2024-10-01,24,22.8,"CNT","C5","10","WaterTemperature"
"USBR",2024-10-02,24,23.3,"CNT","C5","10","WaterTemperature"
"USBR",2024-10-03,24,23.7,"CNT","C5","10","WaterTemperature"
"USBR",2024-10-04,24,23.7,"CNT","C5","10","WaterTemperature"
"USBR",2024-10-05,24,23.6,"CNT","C5","10","WaterTemperature"
"USBR",2024-10-06,24,23.7,"CNT","C5","10","WaterTemperature"
"USBR",2024-10-07,24,23.8,"CNT","C5","10","WaterTemperature"
"USBR",2024-10-08,24,23.7,"CNT","C5","10","WaterTemperature"
"USBR",2024-10-09,24,23.3,"CNT","C5","10","WaterTemperature"
"USBR",2024-10-10,24,22.9,"CNT","C5","10","WaterTemperature"
"USBR",2024-10-11,24,22.4,"CNT","C5","10","WaterTemperature"
"USBR",2024-10-12,24,21.8,"CNT","C5","10","WaterTemperature"
"USBR",2024-10-13,24,22,"CNT","C5","10","WaterTemperature"
"USBR",2024-10-14,24,22.2,"CNT","C5","10","WaterTemperature"
"USBR",2024-10-15,24,22.1,"CNT","C5","10","WaterTemperature"
"USBR",2024-10-16,24,21.9,"CNT","C5","10","WaterTemperature"
"USBR",2024-10-17,24,21.3,"CNT","C5","10","WaterTemperature"
"USBR",2024-10-18,24,19.2,"CNT","C5","10","WaterTemperature"
"USBR",2024-10-19,24,18,"CNT","C5","10","WaterTemperature"
"USBR",2024-10-20,24,18.1,"CNT","C5","10","WaterTemperature"
"USBR",2024-10-21,24,18.4,"CNT","C5","10","WaterTemperature"
"USBR",2024-10-22,24,18.6,"CNT","C5","10","WaterTemperature"
"USBR",2024-10-23,24,18.4,"CNT","C5","10","WaterTemperature"
"USBR",2024-10-24,24,18.2,"CNT","C5","10","WaterTemperature"
"USBR",2024-10-25,24,17.9,"CNT","C5","10","WaterTemperature"
"USBR",2024-10-26,24,17.8,"CNT","C5","10","WaterTemperature"
"USBR",2024-10-27,24,18.2,"CNT","C5","10","WaterTemperature"
"USBR",2024-10-28,24,17.9,"CNT","C5","10","WaterTemperature"
"USBR",2024-10-29,24,17.2,"CNT","C5","10","WaterTemperature"
"USBR",2024-10-30,24,16.7,"CNT","C5","10","WaterTemperature"
"USBR",2024-10-31,24,16.6,"CNT","C5","10","WaterTemperature"
"USBR",2024-11-01,24,16.5,"CNT","C5","11","WaterTemperature"
"USBR",2024-11-02,24,16.5,"CNT","C5","11","WaterTemperature"
"USBR",2024-11-03,23,16.3,"CNT","C5","11","WaterTemperature"
"USBR",2024-11-04,24,15.5,"CNT","C5","11","WaterTemperature"
"USBR",2024-11-05,24,15.2,"CNT","C5","11","WaterTemperature"
"USBR",2024-11-06,24,14.2,"CNT","C5","11","WaterTemperature"
"USBR",2024-11-07,24,13.8,"CNT","C5","11","WaterTemperature"
"USBR",2024-11-08,24,13.8,"CNT","C5","11","WaterTemperature"
"USBR",2024-11-09,24,13.9,"CNT","C5","11","WaterTemperature"
"USBR",2024-11-10,24,14,"CNT","C5","11","WaterTemperature"
"USBR",2024-11-11,24,13.9,"CNT","C5","11","WaterTemperature"
"USBR",2024-11-12,24,13.6,"CNT","C5","11","WaterTemperature"
"USBR",2024-11-13,24,13.5,"CNT","C5","11","WaterTemperature"
"USBR",2024-11-14,24,13.5,"CNT","C5","11","WaterTemperature"
"USBR",2024-11-15,24,13.3,"CNT","C5","11","WaterTemperature"
"USBR",2024-11-16,24,12.7,"CNT","C5","11","WaterTemperature"
"USBR",2024-11-17,24,12.3,"CNT","C5","11","WaterTemperature"
"USBR",2024-11-18,24,12.1,"CNT","C5","11","WaterTemperature"
"USBR",2024-11-19,24,11.8,"CNT","C5","11","WaterTemperature"
"USBR",2024-11-20,24,11.6,"CNT","C5","11","WaterTemperature"
"USBR",2024-11-21,24,11.6,"CNT","C5","11","WaterTemperature"
"USBR",2024-11-22,24,11.8,"CNT","C5","11","WaterTemperature"
"USBR",2024-11-23,24,11.9,"CNT","C5","11","WaterTemperature"
"USBR",2024-11-24,24,11.8,"CNT","C5","11","WaterTemperature"
"USBR",2024-11-25,24,11.9,"CNT","C5","11","WaterTemperature"
"USBR",2024-11-26,24,12.1,"CNT","C5","11","WaterTemperature"
"USBR",2024-11-27,24,12,"CNT","C5","11","WaterTemperature"
"USBR",2024-11-28,24,11.6,"CNT","C5","11","WaterTemperature"
"USBR",2024-11-29,24,11.2,"CNT","C5","11","WaterTemperature"
"USBR",2024-11-30,24,11,"CNT","C5","11","WaterTemperature"
"USBR",2024-12-01,24,10.9,"CNT","C5","12","WaterTemperature"
"USBR",2024-12-02,24,11,"CNT","C5","12","WaterTemperature"
"USBR",2024-12-03,24,11.2,"CNT","C5","12","WaterTemperature"
"USBR",2024-12-04,24,11.2,"CNT","C5","12","WaterTemperature"
"USBR",2024-12-05,24,11.4,"CNT","C5","12","WaterTemperature"
"USBR",2024-12-06,24,11.4,"CNT","C5","12","WaterTemperature"
"USBR",2024-12-07,24,11.4,"CNT","C5","12","WaterTemperature"
"USBR",2024-12-08,24,11.3,"CNT","C5","12","WaterTemperature"
"USBR",2024-12-09,24,11.1,"CNT","C5","12","WaterTemperature"
"USBR",2024-12-10,24,10.6,"CNT","C5","12","WaterTemperature"
"USBR",2024-12-11,24,10.4,"CNT","C5","12","WaterTemperature"
"USBR",2024-12-12,24,10.2,"CNT","C5","12","WaterTemperature"
"USBR",2024-12-13,24,10.4,"CNT","C5","12","WaterTemperature"
"USBR",2024-12-14,24,10.6,"CNT","C5","12","WaterTemperature"
"USBR",2024-12-15,24,10.6,"CNT","C5","12","WaterTemperature"
"USBR",2024-12-16,24,10.3,"CNT","C5","12","WaterTemperature"
"USBR",2024-12-17,24,10.1,"CNT","C5","12","WaterTemperature"
"USBR",2024-12-18,23,9.9,"CNT","C5","12","WaterTemperature"
"USBR",2024-12-19,24,9.6,"CNT","C5","12","WaterTemperature"
"USBR",2024-12-20,24,9.7,"CNT","C5","12","WaterTemperature"
"USBR",2024-12-21,24,9.8,"CNT","C5","12","WaterTemperature"
"USBR",2024-12-22,24,10.1,"CNT","C5","12","WaterTemperature"
"USBR",2024-12-23,24,10.5,"CNT","C5","12","WaterTemperature"
"USBR",2024-12-24,24,10.9,"CNT","C5","12","WaterTemperature"
"USBR",2024-12-25,24,10.8,"CNT","C5","12","WaterTemperature"
"USBR",2024-12-26,24,10.6,"CNT","C5","12","WaterTemperature"
"USBR",2024-12-27,24,10.8,"CNT","C5","12","WaterTemperature"
"USBR",2024-12-28,24,11.3,"CNT","C5","12","WaterTemperature"
"USBR",2024-12-29,24,11.7,"CNT","C5","12","WaterTemperature"
"USBR",2024-12-30,24,12,"CNT","C5","12","WaterTemperature"
"USBR",2024-12-31,24,11.6,"CNT","C5","12","WaterTemperature"
"USBR",2025-01-01,24,11,"CNT","C5","1","WaterTemperature"
"USBR",2025-01-02,24,10.6,"CNT","C5","1","WaterTemperature"
"USBR",2025-01-03,24,10.7,"CNT","C5","1","WaterTemperature"
"USBR",2025-01-04,24,10.6,"CNT","C5","1","WaterTemperature"
"USBR",2025-01-05,24,10.5,"CNT","C5","1","WaterTemperature"
"USBR",2025-01-06,24,10.5,"CNT","C5","1","WaterTemperature"
"USBR",2025-01-07,24,10.2,"CNT","C5","1","WaterTemperature"
"USBR",2025-01-08,24,10,"CNT","C5","1","WaterTemperature"
"USBR",2025-01-09,24,9.9,"CNT","C5","1","WaterTemperature"
"USBR",2025-01-10,24,9.8,"CNT","C5","1","WaterTemperature"
"USBR",2025-01-11,24,9.9,"CNT","C5","1","WaterTemperature"
"USBR",2025-01-12,24,9.4,"CNT","C5","1","WaterTemperature"
"USBR",2025-01-13,24,9.3,"CNT","C5","1","WaterTemperature"
"USBR",2025-01-14,24,9.2,"CNT","C5","1","WaterTemperature"
"USBR",2025-01-15,24,9.2,"CNT","C5","1","WaterTemperature"
"USBR",2025-01-16,24,9.3,"CNT","C5","1","WaterTemperature"
"USBR",2025-01-17,24,9.4,"CNT","C5","1","WaterTemperature"
"USBR",2025-01-18,24,9.5,"CNT","C5","1","WaterTemperature"
"USBR",2025-01-19,24,9.6,"CNT","C5","1","WaterTemperature"
"USBR",2025-01-20,24,9.5,"CNT","C5","1","WaterTemperature"
"USBR",2025-01-21,23,9.2,"CNT","C5","1","WaterTemperature"
"USBR",2025-01-22,24,8.9,"CNT","C5","1","WaterTemperature"
"USBR",2025-01-23,24,8.9,"CNT","C5","1","WaterTemperature"
"USBR",2025-01-24,24,9,"CNT","C5","1","WaterTemperature"
"USBR",2025-01-25,24,9.1,"CNT","C5","1","WaterTemperature"
"USBR",2025-01-26,24,8.8,"CNT","C5","1","WaterTemperature"
"USBR",2025-01-27,24,8.7,"CNT","C5","1","WaterTemperature"
"USBR",2025-01-28,24,8.7,"CNT","C5","1","WaterTemperature"
"USBR",2025-01-29,24,9,"CNT","C5","1","WaterTemperature"
"USBR",2025-01-30,24,9.3,"CNT","C5","1","WaterTemperature"
"USBR",2025-01-31,24,9.3,"CNT","C5","1","WaterTemperature"
"USBR",2025-02-01,24,9.4,"CNT","C5","2","WaterTemperature"
"USBR",2025-02-02,24,10,"CNT","C5","2","WaterTemperature"
"USBR",2025-02-03,24,10.8,"CNT","C5","2","WaterTemperature"
"USBR",2025-02-04,24,11.1,"CNT","C5","2","WaterTemperature"
"USBR",2025-02-05,24,11,"CNT","C5","2","WaterTemperature"
"USBR",2025-02-06,24,10.6,"CNT","C5","2","WaterTemperature"
"USBR",2025-02-07,24,10.5,"CNT","C5","2","WaterTemperature"
"USBR",2025-02-08,24,10.6,"CNT","C5","2","WaterTemperature"
"USBR",2025-02-09,24,10.3,"CNT","C5","2","WaterTemperature"
"USBR",2025-02-10,24,10.1,"CNT","C5","2","WaterTemperature"
"USBR",2025-02-11,23,10,"CNT","C5","2","WaterTemperature"
"USBR",2025-02-12,24,10.1,"CNT","C5","2","WaterTemperature"
"USBR",2025-02-13,24,10.4,"CNT","C5","2","WaterTemperature"
"USBR",2025-02-14,24,10.9,"CNT","C5","2","WaterTemperature"
"USBR",2025-02-15,24,11.2,"CNT","C5","2","WaterTemperature"
"USBR",2025-02-16,24,11.4,"CNT","C5","2","WaterTemperature"
"USBR",2025-02-17,24,11.6,"CNT","C5","2","WaterTemperature"
"USBR",2025-02-18,24,11.7,"CNT","C5","2","WaterTemperature"
"USBR",2025-02-19,24,12,"CNT","C5","2","WaterTemperature"
"USBR",2025-02-20,24,12,"CNT","C5","2","WaterTemperature"
"USBR",2025-02-21,24,12.3,"CNT","C5","2","WaterTemperature"
"USBR",2025-02-22,24,12.6,"CNT","C5","2","WaterTemperature"
"USBR",2025-02-23,24,13,"CNT","C5","2","WaterTemperature"
"USBR",2025-02-24,24,13.2,"CNT","C5","2","WaterTemperature"
"USBR",2025-02-25,24,13.6,"CNT","C5","2","WaterTemperature"
"USBR",2025-02-26,24,13.8,"CNT","C5","2","WaterTemperature"
"USBR",2025-02-27,24,14,"CNT","C5","2","WaterTemperature"
"USBR",2025-02-28,24,14.2,"CNT","C5","2","WaterTemperature"
"USBR",2025-03-01,24,14.7,"CNT","C5","3","WaterTemperature"
"USBR",2025-03-02,24,14.6,"CNT","C5","3","WaterTemperature"
"USBR",2025-03-03,24,13.7,"CNT","C5","3","WaterTemperature"
"USBR",2025-05-01,13,19.6,"CNT","C5","5","WaterTemperature"
"USBR",2025-05-02,24,19.4,"CNT","C5","5","WaterTemperature"
"USBR",2025-05-03,24,20.3,"CNT","C5","5","WaterTemperature"
"USBR",2025-05-04,24,20.2,"CNT","C5","5","WaterTemperature"
"USBR",2025-05-05,24,19.7,"CNT","C5","5","WaterTemperature"
"USBR",2025-05-06,24,19.6,"CNT","C5","5","WaterTemperature"
"USBR",2025-05-07,24,19.9,"CNT","C5","5","WaterTemperature"
"USBR",2025-05-08,24,20.5,"CNT","C5","5","WaterTemperature"
"USBR",2025-05-09,24,21.4,"CNT","C5","5","WaterTemperature"
"USBR",2025-05-10,24,22.2,"CNT","C5","5","WaterTemperature"
"USBR",2025-05-11,24,22,"CNT","C5","5","WaterTemperature"
"USBR",2025-05-12,24,21.1,"CNT","C5","5","WaterTemperature"
"USBR",2025-05-13,24,20.4,"CNT","C5","5","WaterTemperature"
"USBR",2025-05-14,24,20.6,"CNT","C5","5","WaterTemperature"
"USBR",2025-05-15,24,20.9,"CNT","C5","5","WaterTemperature"
"USBR",2025-05-16,24,21.5,"CNT","C5","5","WaterTemperature"
"USBR",2025-05-17,24,21.7,"CNT","C5","5","WaterTemperature"
"USBR",2025-05-18,24,21.3,"CNT","C5","5","WaterTemperature"
"USBR",2025-05-19,24,21.4,"CNT","C5","5","WaterTemperature"
"USBR",2025-05-20,24,21.7,"CNT","C5","5","WaterTemperature"
"USBR",2025-05-21,24,22,"CNT","C5","5","WaterTemperature"
"USBR",2025-05-22,24,22.4,"CNT","C5","5","WaterTemperature"
"USBR",2025-05-23,24,22.1,"CNT","C5","5","WaterTemperature"
"USBR",2025-05-24,24,22.2,"CNT","C5","5","WaterTemperature"
"USBR",2025-05-25,24,22.5,"CNT","C5","5","WaterTemperature"
"USBR",2025-05-26,24,22.4,"CNT","C5","5","WaterTemperature"
"USBR",2025-05-27,24,22.5,"CNT","C5","5","WaterTemperature"
"USBR",2025-05-28,24,22.9,"CNT","C5","5","WaterTemperature"
"USBR",2025-05-29,24,22.9,"CNT","C5","5","WaterTemperature"
"USBR",2025-05-30,24,23.5,"CNT","C5","5","WaterTemperature"
"USBR",2025-05-31,24,24.4,"CNT","C5","5","WaterTemperature"
"USBR",2025-06-01,24,25,"CNT","C5","6","WaterTemperature"
"USBR",2025-06-02,24,24.8,"CNT","C5","6","WaterTemperature"
"USBR",2025-06-03,24,24.6,"CNT","C5","6","WaterTemperature"
"USBR",2025-06-04,24,24.1,"CNT","C5","6","WaterTemperature"
"USBR",2025-06-05,24,23.7,"CNT","C5","6","WaterTemperature"
"USBR",2025-06-06,24,23.1,"CNT","C5","6","WaterTemperature"
"USBR",2025-06-07,24,23.1,"CNT","C5","6","WaterTemperature"
"USBR",2025-06-08,24,23.3,"CNT","C5","6","WaterTemperature"
"USBR",2025-06-09,24,23.6,"CNT","C5","6","WaterTemperature"
"USBR",2025-06-10,24,23.2,"CNT","C5","6","WaterTemperature"
"USBR",2025-06-11,24,23.3,"CNT","C5","6","WaterTemperature"
"USBR",2025-06-12,24,23.8,"CNT","C5","6","WaterTemperature"
"USBR",2025-06-13,24,24.1,"CNT","C5","6","WaterTemperature"
"USBR",2025-06-14,24,23.9,"CNT","C5","6","WaterTemperature"
"USBR",2025-06-15,24,23.8,"CNT","C5","6","WaterTemperature"
"USBR",2025-06-16,24,23.9,"CNT","C5","6","WaterTemperature"
"USBR",2025-06-17,24,23.7,"CNT","C5","6","WaterTemperature"
"USBR",2025-06-18,24,23.9,"CNT","C5","6","WaterTemperature"
"USBR",2025-06-19,24,24.1,"CNT","C5","6","WaterTemperature"
"USBR",2025-06-20,24,23.6,"CNT","C5","6","WaterTemperature"
"USBR",2025-06-21,24,22.4,"CNT","C5","6","WaterTemperature"
"USBR",2025-06-22,24,22.3,"CNT","C5","6","WaterTemperature"
"USBR",2025-06-23,24,22.8,"CNT","C5","6","WaterTemperature"
"USBR",2025-06-24,24,23.5,"CNT","C5","6","WaterTemperature"
"USBR",2025-06-25,24,23.7,"CNT","C5","6","WaterTemperature"
"USBR",2025-06-26,24,24.3,"CNT","C5","6","WaterTemperature"
"USBR",2025-06-27,24,24.7,"CNT","C5","6","WaterTemperature"
"USBR",2025-06-28,24,25.4,"CNT","C5","6","WaterTemperature"
"USBR",2025-06-29,24,25.4,"CNT","C5","6","WaterTemperature"
"USBR",2025-06-30,24,25,"CNT","C5","6","WaterTemperature"
"USBR",2025-07-01,24,24.8,"CNT","C5","7","WaterTemperature"
"USBR",2025-07-02,24,25.3,"CNT","C5","7","WaterTemperature"
"USBR",2025-07-03,24,25.7,"CNT","C5","7","WaterTemperature"
"USBR",2025-07-04,24,25.3,"CNT","C5","7","WaterTemperature"
"USBR",2025-07-05,24,25.1,"CNT","C5","7","WaterTemperature"
"USBR",2025-07-06,24,25,"CNT","C5","7","WaterTemperature"
"USBR",2025-07-07,24,24.8,"CNT","C5","7","WaterTemperature"
"USBR",2025-07-08,24,24.4,"CNT","C5","7","WaterTemperature"
"USBR",2025-07-09,24,24.3,"CNT","C5","7","WaterTemperature"
"USBR",2025-07-10,24,25,"CNT","C5","7","WaterTemperature"
"USBR",2025-07-11,24,25.9,"CNT","C5","7","WaterTemperature"
"USBR",2025-07-12,24,26.1,"CNT","C5","7","WaterTemperature"
"USBR",2025-07-13,24,25.6,"CNT","C5","7","WaterTemperature"
"USBR",2025-07-14,24,25.6,"CNT","C5","7","WaterTemperature"
"USBR",2025-07-15,24,25.4,"CNT","C5","7","WaterTemperature"
"USBR",2025-07-16,24,24.8,"CNT","C5","7","WaterTemperature"
"USBR",2025-07-17,24,24.3,"CNT","C5","7","WaterTemperature"
"USBR",2025-07-18,24,24.3,"CNT","C5","7","WaterTemperature"
"USBR",2025-07-19,24,24.5,"CNT","C5","7","WaterTemperature"
"USBR",2025-07-20,24,24.9,"CNT","C5","7","WaterTemperature"
"USBR",2025-07-21,24,25,"CNT","C5","7","WaterTemperature"
"USBR",2025-07-22,24,24.4,"CNT","C5","7","WaterTemperature"
"USBR",2025-07-23,24,24.1,"CNT","C5","7","WaterTemperature"
"USBR",2025-07-24,24,24.1,"CNT","C5","7","WaterTemperature"
"USBR",2025-07-25,24,24.1,"CNT","C5","7","WaterTemperature"
"USBR",2025-07-26,24,24.3,"CNT","C5","7","WaterTemperature"
"USBR",2025-07-27,24,24.6,"CNT","C5","7","WaterTemperature"
"USBR",2025-07-28,24,25.1,"CNT","C5","7","WaterTemperature"
"USBR",2025-07-29,24,25.5,"CNT","C5","7","WaterTemperature"
"USBR",2025-07-30,24,25.8,"CNT","C5","7","WaterTemperature"
"USBR",2025-07-31,24,26.1,"CNT","C5","7","WaterTemperature"
"USBR",2025-08-01,24,26.1,"CNT","C5","8","WaterTemperature"
"USBR",2025-08-02,24,26.3,"CNT","C5","8","WaterTemperature"
"USBR",2025-08-03,24,26.4,"CNT","C5","8","WaterTemperature"
"USBR",2025-08-04,24,26.1,"CNT","C5","8","WaterTemperature"
"USBR",2025-08-05,24,26.1,"CNT","C5","8","WaterTemperature"
"USBR",2025-08-06,24,26.1,"CNT","C5","8","WaterTemperature"
"USBR",2025-08-07,24,26.5,"CNT","C5","8","WaterTemperature"
"USBR",2025-08-08,24,26.6,"CNT","C5","8","WaterTemperature"
"USBR",2025-08-09,24,26.9,"CNT","C5","8","WaterTemperature"
"USBR",2025-08-10,24,26.5,"CNT","C5","8","WaterTemperature"
"USBR",2025-08-11,24,25.9,"CNT","C5","8","WaterTemperature"
"USBR",2025-08-12,24,25.8,"CNT","C5","8","WaterTemperature"
"USBR",2025-08-13,15,25.3,"CNT","C5","8","WaterTemperature"
"USBR",2024-10-01,14,23.2,"DMC","DMC1","10","WaterTemperature"
"USBR",2024-10-02,18,23.3,"DMC","DMC1","10","WaterTemperature"
"USBR",2024-10-03,24,23.3,"DMC","DMC1","10","WaterTemperature"
"USBR",2024-10-04,24,23.5,"DMC","DMC1","10","WaterTemperature"
"USBR",2024-10-05,24,23.5,"DMC","DMC1","10","WaterTemperature"
"USBR",2024-10-06,24,23.5,"DMC","DMC1","10","WaterTemperature"
"USBR",2024-10-07,24,23.5,"DMC","DMC1","10","WaterTemperature"
"USBR",2024-10-08,24,23.5,"DMC","DMC1","10","WaterTemperature"
"USBR",2024-10-09,24,23.1,"DMC","DMC1","10","WaterTemperature"
"USBR",2024-10-10,24,22.8,"DMC","DMC1","10","WaterTemperature"
"USBR",2024-10-11,24,22.6,"DMC","DMC1","10","WaterTemperature"
"USBR",2024-10-12,24,22.2,"DMC","DMC1","10","WaterTemperature"
"USBR",2024-10-13,24,22.2,"DMC","DMC1","10","WaterTemperature"
"USBR",2024-10-14,24,22.2,"DMC","DMC1","10","WaterTemperature"
"USBR",2024-10-15,24,22,"DMC","DMC1","10","WaterTemperature"
"USBR",2024-10-16,24,21.5,"DMC","DMC1","10","WaterTemperature"
"USBR",2024-10-17,24,20.8,"DMC","DMC1","10","WaterTemperature"
"USBR",2024-10-18,24,19.5,"DMC","DMC1","10","WaterTemperature"
"USBR",2024-10-19,24,18.8,"DMC","DMC1","10","WaterTemperature"
"USBR",2024-10-20,24,18.7,"DMC","DMC1","10","WaterTemperature"
"USBR",2024-10-21,24,18.5,"DMC","DMC1","10","WaterTemperature"
"USBR",2024-10-22,24,18.4,"DMC","DMC1","10","WaterTemperature"
"USBR",2024-10-23,24,18.3,"DMC","DMC1","10","WaterTemperature"
"USBR",2024-10-24,24,18,"DMC","DMC1","10","WaterTemperature"
"USBR",2024-10-25,24,17.9,"DMC","DMC1","10","WaterTemperature"
"USBR",2024-10-26,24,17.8,"DMC","DMC1","10","WaterTemperature"
"USBR",2024-10-27,24,17.8,"DMC","DMC1","10","WaterTemperature"
"USBR",2024-10-28,24,17.7,"DMC","DMC1","10","WaterTemperature"
"USBR",2024-10-29,24,16.8,"DMC","DMC1","10","WaterTemperature"
"USBR",2024-10-30,24,16.5,"DMC","DMC1","10","WaterTemperature"
"USBR",2024-10-31,24,16.4,"DMC","DMC1","10","WaterTemperature"
"USBR",2024-11-01,24,16.5,"DMC","DMC1","11","WaterTemperature"
"USBR",2024-11-02,24,16.5,"DMC","DMC1","11","WaterTemperature"
"USBR",2024-11-03,23,16.1,"DMC","DMC1","11","WaterTemperature"
"USBR",2024-11-04,24,15.6,"DMC","DMC1","11","WaterTemperature"
"USBR",2024-11-05,24,15.3,"DMC","DMC1","11","WaterTemperature"
"USBR",2024-11-06,24,14.7,"DMC","DMC1","11","WaterTemperature"
"USBR",2024-11-07,24,14.3,"DMC","DMC1","11","WaterTemperature"
"USBR",2024-11-08,24,14.3,"DMC","DMC1","11","WaterTemperature"
"USBR",2024-11-09,24,14.2,"DMC","DMC1","11","WaterTemperature"
"USBR",2024-11-10,24,14.2,"DMC","DMC1","11","WaterTemperature"
"USBR",2024-11-11,24,14,"DMC","DMC1","11","WaterTemperature"
"USBR",2024-11-12,24,13.7,"DMC","DMC1","11","WaterTemperature"
"USBR",2024-11-13,24,13.6,"DMC","DMC1","11","WaterTemperature"
"USBR",2024-11-14,24,13.6,"DMC","DMC1","11","WaterTemperature"
"USBR",2024-11-15,24,13.5,"DMC","DMC1","11","WaterTemperature"
"USBR",2024-11-16,24,13.1,"DMC","DMC1","11","WaterTemperature"
"USBR",2024-11-17,24,12.8,"DMC","DMC1","11","WaterTemperature"
"USBR",2024-11-18,24,12.6,"DMC","DMC1","11","WaterTemperature"
"USBR",2024-11-19,24,12.3,"DMC","DMC1","11","WaterTemperature"
"USBR",2024-11-20,24,12.1,"DMC","DMC1","11","WaterTemperature"
"USBR",2024-11-21,24,12,"DMC","DMC1","11","WaterTemperature"
"USBR",2024-11-22,24,11.9,"DMC","DMC1","11","WaterTemperature"
"USBR",2024-11-23,24,11.9,"DMC","DMC1","11","WaterTemperature"
"USBR",2024-11-24,24,12,"DMC","DMC1","11","WaterTemperature"
"USBR",2024-11-25,24,12.1,"DMC","DMC1","11","WaterTemperature"
"USBR",2024-11-26,24,12.3,"DMC","DMC1","11","WaterTemperature"
"USBR",2024-11-27,24,12.3,"DMC","DMC1","11","WaterTemperature"
"USBR",2024-11-28,24,12,"DMC","DMC1","11","WaterTemperature"
"USBR",2024-11-29,24,11.8,"DMC","DMC1","11","WaterTemperature"
"USBR",2024-11-30,24,11.6,"DMC","DMC1","11","WaterTemperature"
"USBR",2024-12-01,24,11.4,"DMC","DMC1","12","WaterTemperature"
"USBR",2024-12-02,24,11.5,"DMC","DMC1","12","WaterTemperature"
"USBR",2024-12-03,24,11.4,"DMC","DMC1","12","WaterTemperature"
"USBR",2024-12-04,24,11.5,"DMC","DMC1","12","WaterTemperature"
"USBR",2024-12-05,24,11.6,"DMC","DMC1","12","WaterTemperature"
"USBR",2024-12-06,24,11.6,"DMC","DMC1","12","WaterTemperature"
"USBR",2024-12-07,24,11.6,"DMC","DMC1","12","WaterTemperature"
"USBR",2024-12-08,24,11.6,"DMC","DMC1","12","WaterTemperature"
"USBR",2024-12-09,24,11.4,"DMC","DMC1","12","WaterTemperature"
"USBR",2024-12-10,24,11.2,"DMC","DMC1","12","WaterTemperature"
"USBR",2024-12-11,24,11,"DMC","DMC1","12","WaterTemperature"
"USBR",2024-12-12,24,10.9,"DMC","DMC1","12","WaterTemperature"
"USBR",2024-12-13,24,10.9,"DMC","DMC1","12","WaterTemperature"
"USBR",2024-12-14,24,11,"DMC","DMC1","12","WaterTemperature"
"USBR",2024-12-15,24,10.8,"DMC","DMC1","12","WaterTemperature"
"USBR",2024-12-16,24,10.6,"DMC","DMC1","12","WaterTemperature"
"USBR",2024-12-17,24,10.5,"DMC","DMC1","12","WaterTemperature"
"USBR",2024-12-18,23,10.2,"DMC","DMC1","12","WaterTemperature"
"USBR",2024-12-19,24,10.1,"DMC","DMC1","12","WaterTemperature"
"USBR",2024-12-20,24,10.2,"DMC","DMC1","12","WaterTemperature"
"USBR",2024-12-21,24,10.3,"DMC","DMC1","12","WaterTemperature"
"USBR",2024-12-22,24,10.5,"DMC","DMC1","12","WaterTemperature"
"USBR",2024-12-23,24,10.9,"DMC","DMC1","12","WaterTemperature"
"USBR",2024-12-24,24,11.1,"DMC","DMC1","12","WaterTemperature"
"USBR",2024-12-25,18,11.2,"DMC","DMC1","12","WaterTemperature"
"USBR",2024-12-26,14,11.2,"DMC","DMC1","12","WaterTemperature"
"USBR",2024-12-27,24,11.4,"DMC","DMC1","12","WaterTemperature"
"USBR",2024-12-28,24,11.8,"DMC","DMC1","12","WaterTemperature"
"USBR",2024-12-29,24,12,"DMC","DMC1","12","WaterTemperature"
"USBR",2024-12-30,24,12,"DMC","DMC1","12","WaterTemperature"
"USBR",2024-12-31,19,11.9,"DMC","DMC1","12","WaterTemperature"
"USBR",2025-01-01,17,11.3,"DMC","DMC1","1","WaterTemperature"
"USBR",2025-01-02,23,11.3,"DMC","DMC1","1","WaterTemperature"
"USBR",2025-01-03,24,11.1,"DMC","DMC1","1","WaterTemperature"
"USBR",2025-01-04,24,10.9,"DMC","DMC1","1","WaterTemperature"
"USBR",2025-01-05,24,10.9,"DMC","DMC1","1","WaterTemperature"
"USBR",2025-01-06,24,10.8,"DMC","DMC1","1","WaterTemperature"
"USBR",2025-01-07,24,10.6,"DMC","DMC1","1","WaterTemperature"
"USBR",2025-01-08,24,10.4,"DMC","DMC1","1","WaterTemperature"
"USBR",2025-01-09,24,10.4,"DMC","DMC1","1","WaterTemperature"
"USBR",2025-01-10,24,10.4,"DMC","DMC1","1","WaterTemperature"
"USBR",2025-01-11,24,10.4,"DMC","DMC1","1","WaterTemperature"
"USBR",2025-01-12,24,10,"DMC","DMC1","1","WaterTemperature"
"USBR",2025-01-13,24,9.9,"DMC","DMC1","1","WaterTemperature"
"USBR",2025-01-14,24,9.8,"DMC","DMC1","1","WaterTemperature"
"USBR",2025-01-15,24,9.7,"DMC","DMC1","1","WaterTemperature"
"USBR",2025-01-16,24,9.7,"DMC","DMC1","1","WaterTemperature"
"USBR",2025-01-17,24,9.8,"DMC","DMC1","1","WaterTemperature"
"USBR",2025-01-18,24,9.8,"DMC","DMC1","1","WaterTemperature"
"USBR",2025-01-19,24,9.8,"DMC","DMC1","1","WaterTemperature"
"USBR",2025-01-20,24,9.8,"DMC","DMC1","1","WaterTemperature"
"USBR",2025-01-21,4,9.6,"DMC","DMC1","1","WaterTemperature"
"USBR",2025-01-22,8,10.2,"DMC","DMC1","1","WaterTemperature"
"USBR",2025-01-23,3,9.7,"DMC","DMC1","1","WaterTemperature"
"USBR",2025-01-24,9,9.7,"DMC","DMC1","1","WaterTemperature"
"USBR",2025-01-25,23,9.6,"DMC","DMC1","1","WaterTemperature"
"USBR",2025-01-26,24,9.4,"DMC","DMC1","1","WaterTemperature"
"USBR",2025-01-27,24,9.2,"DMC","DMC1","1","WaterTemperature"
"USBR",2025-01-28,24,9.2,"DMC","DMC1","1","WaterTemperature"
"USBR",2025-01-29,17,9.4,"DMC","DMC1","1","WaterTemperature"
"USBR",2025-01-30,24,9.5,"DMC","DMC1","1","WaterTemperature"
"USBR",2025-01-31,24,9.6,"DMC","DMC1","1","WaterTemperature"
"USBR",2025-02-01,24,9.7,"DMC","DMC1","2","WaterTemperature"
"USBR",2025-02-02,24,10.1,"DMC","DMC1","2","WaterTemperature"
"USBR",2025-02-03,24,10.5,"DMC","DMC1","2","WaterTemperature"
"USBR",2025-02-04,24,10.9,"DMC","DMC1","2","WaterTemperature"
"USBR",2025-02-05,24,10.9,"DMC","DMC1","2","WaterTemperature"
"USBR",2025-02-06,24,10.8,"DMC","DMC1","2","WaterTemperature"
"USBR",2025-02-07,24,10.8,"DMC","DMC1","2","WaterTemperature"
"USBR",2025-02-08,24,11,"DMC","DMC1","2","WaterTemperature"
"USBR",2025-02-09,24,10.7,"DMC","DMC1","2","WaterTemperature"
"USBR",2025-02-10,24,10.6,"DMC","DMC1","2","WaterTemperature"
"USBR",2025-02-11,24,10.5,"DMC","DMC1","2","WaterTemperature"
"USBR",2025-02-12,24,10.4,"DMC","DMC1","2","WaterTemperature"
"USBR",2025-02-13,24,10.6,"DMC","DMC1","2","WaterTemperature"
"USBR",2025-02-14,24,11,"DMC","DMC1","2","WaterTemperature"
"USBR",2025-02-15,24,11.3,"DMC","DMC1","2","WaterTemperature"
"USBR",2025-02-16,24,11.6,"DMC","DMC1","2","WaterTemperature"
"USBR",2025-02-17,24,11.7,"DMC","DMC1","2","WaterTemperature"
"USBR",2025-02-18,24,11.9,"DMC","DMC1","2","WaterTemperature"
"USBR",2025-02-19,24,12.1,"DMC","DMC1","2","WaterTemperature"
"USBR",2025-02-20,24,12.4,"DMC","DMC1","2","WaterTemperature"
"USBR",2025-02-21,24,12.6,"DMC","DMC1","2","WaterTemperature"
"USBR",2025-02-22,24,12.9,"DMC","DMC1","2","WaterTemperature"
"USBR",2025-02-23,24,13.3,"DMC","DMC1","2","WaterTemperature"
"USBR",2025-02-24,24,13.5,"DMC","DMC1","2","WaterTemperature"
"USBR",2025-02-25,24,13.8,"DMC","DMC1","2","WaterTemperature"
"USBR",2025-02-26,24,14.1,"DMC","DMC1","2","WaterTemperature"
"USBR",2025-02-27,24,14.3,"DMC","DMC1","2","WaterTemperature"
"USBR",2025-02-28,24,14.4,"DMC","DMC1","2","WaterTemperature"
"USBR",2025-03-01,24,14.5,"DMC","DMC1","3","WaterTemperature"
"USBR",2025-03-02,24,14.5,"DMC","DMC1","3","WaterTemperature"
"USBR",2025-03-03,24,14.2,"DMC","DMC1","3","WaterTemperature"
"USBR",2025-03-04,24,14.2,"DMC","DMC1","3","WaterTemperature"
"USBR",2025-03-05,24,14.1,"DMC","DMC1","3","WaterTemperature"
"USBR",2025-03-06,24,13.7,"DMC","DMC1","3","WaterTemperature"
"USBR",2025-03-07,24,13.7,"DMC","DMC1","3","WaterTemperature"
"USBR",2025-03-08,24,13.9,"DMC","DMC1","3","WaterTemperature"
"USBR",2025-03-09,23,14.1,"DMC","DMC1","3","WaterTemperature"
"USBR",2025-03-10,24,14.3,"DMC","DMC1","3","WaterTemperature"
"USBR",2025-03-11,24,14.4,"DMC","DMC1","3","WaterTemperature"
"USBR",2025-03-12,24,14.5,"DMC","DMC1","3","WaterTemperature"
"USBR",2025-03-13,24,14,"DMC","DMC1","3","WaterTemperature"
"USBR",2025-03-14,24,13.5,"DMC","DMC1","3","WaterTemperature"
"USBR",2025-03-15,24,13.2,"DMC","DMC1","3","WaterTemperature"
"USBR",2025-03-16,24,13.5,"DMC","DMC1","3","WaterTemperature"
"USBR",2025-03-17,24,13.8,"DMC","DMC1","3","WaterTemperature"
"USBR",2025-03-18,24,13.8,"DMC","DMC1","3","WaterTemperature"
"USBR",2025-03-19,24,13.8,"DMC","DMC1","3","WaterTemperature"
"USBR",2025-03-20,24,14.1,"DMC","DMC1","3","WaterTemperature"
"USBR",2025-03-21,24,14.4,"DMC","DMC1","3","WaterTemperature"
"USBR",2025-03-22,24,14.7,"DMC","DMC1","3","WaterTemperature"
"USBR",2025-03-23,24,15.1,"DMC","DMC1","3","WaterTemperature"
"USBR",2025-03-24,24,15.9,"DMC","DMC1","3","WaterTemperature"
"USBR",2025-03-25,24,16.7,"DMC","DMC1","3","WaterTemperature"
"USBR",2025-03-26,24,17.4,"DMC","DMC1","3","WaterTemperature"
"USBR",2025-03-27,24,17.7,"DMC","DMC1","3","WaterTemperature"
"USBR",2025-03-28,24,17.6,"DMC","DMC1","3","WaterTemperature"
"USBR",2025-03-29,24,17.3,"DMC","DMC1","3","WaterTemperature"
"USBR",2025-03-30,24,17.1,"DMC","DMC1","3","WaterTemperature"
"USBR",2025-03-31,24,16.8,"DMC","DMC1","3","WaterTemperature"
"USBR",2025-04-01,24,16.5,"DMC","DMC1","4","WaterTemperature"
"USBR",2025-04-02,24,15.9,"DMC","DMC1","4","WaterTemperature"
"USBR",2025-04-03,24,15.9,"DMC","DMC1","4","WaterTemperature"
"USBR",2025-04-04,24,16.2,"DMC","DMC1","4","WaterTemperature"
"USBR",2025-04-05,24,16.6,"DMC","DMC1","4","WaterTemperature"
"USBR",2025-04-06,24,17,"DMC","DMC1","4","WaterTemperature"
"USBR",2025-04-07,24,17.2,"DMC","DMC1","4","WaterTemperature"
"USBR",2025-04-08,24,17.5,"DMC","DMC1","4","WaterTemperature"
"USBR",2025-04-09,24,18,"DMC","DMC1","4","WaterTemperature"
"USBR",2025-04-10,24,18.5,"DMC","DMC1","4","WaterTemperature"
"USBR",2025-04-11,24,19,"DMC","DMC1","4","WaterTemperature"
"USBR",2025-04-12,24,18.7,"DMC","DMC1","4","WaterTemperature"
"USBR",2025-04-13,24,18.8,"DMC","DMC1","4","WaterTemperature"
"USBR",2025-04-14,24,19.3,"DMC","DMC1","4","WaterTemperature"
"USBR",2025-04-15,24,19.3,"DMC","DMC1","4","WaterTemperature"
"USBR",2025-04-16,24,19.2,"DMC","DMC1","4","WaterTemperature"
"USBR",2025-04-17,23,19.1,"DMC","DMC1","4","WaterTemperature"
"USBR",2025-05-01,7,19.9,"DMC","DMC1","5","WaterTemperature"
"USBR",2025-05-02,24,19.6,"DMC","DMC1","5","WaterTemperature"
"USBR",2025-05-03,24,19.3,"DMC","DMC1","5","WaterTemperature"
"USBR",2025-05-04,24,18.9,"DMC","DMC1","5","WaterTemperature"
"USBR",2025-05-05,24,19.3,"DMC","DMC1","5","WaterTemperature"
"USBR",2025-05-06,24,19.4,"DMC","DMC1","5","WaterTemperature"
"USBR",2025-05-07,24,19.6,"DMC","DMC1","5","WaterTemperature"
"USBR",2025-05-08,24,20,"DMC","DMC1","5","WaterTemperature"
"USBR",2025-05-09,24,20.8,"DMC","DMC1","5","WaterTemperature"
"USBR",2025-05-10,24,21.6,"DMC","DMC1","5","WaterTemperature"
"USBR",2025-05-11,24,21.5,"DMC","DMC1","5","WaterTemperature"
"USBR",2025-05-12,24,21.2,"DMC","DMC1","5","WaterTemperature"
"USBR",2025-05-13,24,20.8,"DMC","DMC1","5","WaterTemperature"
"USBR",2025-05-14,24,20.3,"DMC","DMC1","5","WaterTemperature"
"USBR",2025-05-15,24,20.4,"DMC","DMC1","5","WaterTemperature"
"USBR",2025-05-16,24,20.6,"DMC","DMC1","5","WaterTemperature"
"USBR",2025-05-17,24,20.3,"DMC","DMC1","5","WaterTemperature"
"USBR",2025-05-18,24,19.9,"DMC","DMC1","5","WaterTemperature"
"USBR",2025-05-19,24,20.5,"DMC","DMC1","5","WaterTemperature"
"USBR",2025-05-20,24,20.9,"DMC","DMC1","5","WaterTemperature"
"USBR",2025-05-21,24,21.5,"DMC","DMC1","5","WaterTemperature"
"USBR",2025-05-22,24,21.6,"DMC","DMC1","5","WaterTemperature"
"USBR",2025-05-23,24,21,"DMC","DMC1","5","WaterTemperature"
"USBR",2025-05-24,24,20.7,"DMC","DMC1","5","WaterTemperature"
"USBR",2025-05-25,24,20.4,"DMC","DMC1","5","WaterTemperature"
"USBR",2025-05-26,24,20.2,"DMC","DMC1","5","WaterTemperature"
"USBR",2025-05-27,24,20.6,"DMC","DMC1","5","WaterTemperature"
"USBR",2025-05-28,24,21.2,"DMC","DMC1","5","WaterTemperature"
"USBR",2025-05-29,24,21.1,"DMC","DMC1","5","WaterTemperature"
"USBR",2025-05-30,24,22,"DMC","DMC1","5","WaterTemperature"
"USBR",2025-05-31,24,23.1,"DMC","DMC1","5","WaterTemperature"
"USBR",2025-06-01,24,23.2,"DMC","DMC1","6","WaterTemperature"
"USBR",2025-06-02,24,23.1,"DMC","DMC1","6","WaterTemperature"
"USBR",2025-06-03,24,23,"DMC","DMC1","6","WaterTemperature"
"USBR",2025-06-04,24,23.4,"DMC","DMC1","6","WaterTemperature"
"USBR",2025-06-05,24,23.6,"DMC","DMC1","6","WaterTemperature"
"USBR",2025-06-06,24,23.8,"DMC","DMC1","6","WaterTemperature"
"USBR",2025-06-07,24,23.7,"DMC","DMC1","6","WaterTemperature"
"USBR",2025-06-08,24,23.3,"DMC","DMC1","6","WaterTemperature"
"USBR",2025-06-09,24,23.3,"DMC","DMC1","6","WaterTemperature"
"USBR",2025-06-10,24,23.2,"DMC","DMC1","6","WaterTemperature"
"USBR",2025-06-11,24,22.7,"DMC","DMC1","6","WaterTemperature"
"USBR",2025-06-12,24,22.3,"DMC","DMC1","6","WaterTemperature"
"USBR",2025-06-13,24,22.5,"DMC","DMC1","6","WaterTemperature"
"USBR",2025-06-14,24,22.7,"DMC","DMC1","6","WaterTemperature"
"USBR",2025-06-15,24,23.1,"DMC","DMC1","6","WaterTemperature"
"USBR",2025-06-16,24,23.2,"DMC","DMC1","6","WaterTemperature"
"USBR",2025-06-17,14,23,"DMC","DMC1","6","WaterTemperature"
"USBR",2025-06-25,15,23.2,"DMC","DMC1","6","WaterTemperature"
"USBR",2025-06-26,24,23.1,"DMC","DMC1","6","WaterTemperature"
"USBR",2025-06-27,24,23.9,"DMC","DMC1","6","WaterTemperature"
"USBR",2025-06-28,24,24.8,"DMC","DMC1","6","WaterTemperature"
"USBR",2025-06-29,24,25.3,"DMC","DMC1","6","WaterTemperature"
"USBR",2025-06-30,24,25.5,"DMC","DMC1","6","WaterTemperature"
"USBR",2025-07-01,24,25.6,"DMC","DMC1","7","WaterTemperature"
"USBR",2025-07-02,24,25.5,"DMC","DMC1","7","WaterTemperature"
"USBR",2025-07-03,24,24.9,"DMC","DMC1","7","WaterTemperature"
"USBR",2025-07-04,24,23.9,"DMC","DMC1","7","WaterTemperature"
"USBR",2025-07-05,24,23.6,"DMC","DMC1","7","WaterTemperature"
"USBR",2025-07-06,24,24.3,"DMC","DMC1","7","WaterTemperature"
"USBR",2025-07-07,24,24.8,"DMC","DMC1","7","WaterTemperature"
"USBR",2025-07-08,24,24.8,"DMC","DMC1","7","WaterTemperature"
"USBR",2025-07-09,24,24.6,"DMC","DMC1","7","WaterTemperature"
"USBR",2025-07-10,24,24.7,"DMC","DMC1","7","WaterTemperature"
"USBR",2025-07-11,24,25,"DMC","DMC1","7","WaterTemperature"
"USBR",2025-07-12,24,25.3,"DMC","DMC1","7","WaterTemperature"
"USBR",2025-07-13,24,25.4,"DMC","DMC1","7","WaterTemperature"
"USBR",2025-07-14,24,25.4,"DMC","DMC1","7","WaterTemperature"
"USBR",2025-07-15,24,25,"DMC","DMC1","7","WaterTemperature"
"USBR",2025-07-16,24,24.7,"DMC","DMC1","7","WaterTemperature"
"USBR",2025-07-17,24,24.5,"DMC","DMC1","7","WaterTemperature"
"USBR",2025-07-18,24,24.6,"DMC","DMC1","7","WaterTemperature"
"USBR",2025-07-19,24,24.3,"DMC","DMC1","7","WaterTemperature"
"USBR",2025-07-20,24,24.2,"DMC","DMC1","7","WaterTemperature"
"USBR",2025-07-21,24,23.6,"DMC","DMC1","7","WaterTemperature"
"USBR",2025-07-22,24,22.9,"DMC","DMC1","7","WaterTemperature"
"USBR",2025-07-23,24,23.1,"DMC","DMC1","7","WaterTemperature"
"USBR",2025-07-24,24,23.6,"DMC","DMC1","7","WaterTemperature"
"USBR",2025-07-25,24,23.4,"DMC","DMC1","7","WaterTemperature"
"USBR",2025-07-26,24,23.2,"DMC","DMC1","7","WaterTemperature"
"USBR",2025-07-27,24,23.2,"DMC","DMC1","7","WaterTemperature"
"USBR",2025-07-28,24,23.3,"DMC","DMC1","7","WaterTemperature"
"USBR",2025-07-29,24,23.6,"DMC","DMC1","7","WaterTemperature"
"USBR",2025-07-30,24,23.5,"DMC","DMC1","7","WaterTemperature"
"USBR",2025-07-31,24,23.9,"DMC","DMC1","7","WaterTemperature"
"USBR",2025-08-01,24,24.3,"DMC","DMC1","8","WaterTemperature"
"USBR",2025-08-02,24,24.1,"DMC","DMC1","8","WaterTemperature"
"USBR",2025-08-03,24,24.1,"DMC","DMC1","8","WaterTemperature"
"USBR",2025-08-04,24,23.6,"DMC","DMC1","8","WaterTemperature"
"USBR",2025-08-05,24,23.7,"DMC","DMC1","8","WaterTemperature"
"USBR",2025-08-06,24,24.5,"DMC","DMC1","8","WaterTemperature"
"USBR",2025-08-07,24,24.9,"DMC","DMC1","8","WaterTemperature"
"USBR",2025-08-08,24,25.4,"DMC","DMC1","8","WaterTemperature"
"USBR",2025-08-09,24,25.9,"DMC","DMC1","8","WaterTemperature"
"USBR",2025-08-10,24,26.1,"DMC","DMC1","8","WaterTemperature"
"USBR",2025-08-11,24,25.8,"DMC","DMC1","8","WaterTemperature"
"USBR",2025-08-12,24,25.3,"DMC","DMC1","8","WaterTemperature"
"USBR",2025-08-13,24,25,"DMC","DMC1","8","WaterTemperature"
"USBR",2025-08-14,24,24.9,"DMC","DMC1","8","WaterTemperature"
"USBR",2025-08-15,24,24.8,"DMC","DMC1","8","WaterTemperature"
"USBR",2025-08-16,24,24.2,"DMC","DMC1","8","WaterTemperature"
"USBR",2025-08-17,24,23.7,"DMC","DMC1","8","WaterTemperature"
"USBR",2025-08-18,24,23.5,"DMC","DMC1","8","WaterTemperature"
"USBR",2025-08-19,23,23.8,"DMC","DMC1","8","WaterTemperature"
"USBR",2025-08-20,24,24.2,"DMC","DMC1","8","WaterTemperature"
"USBR",2025-08-21,24,24.8,"DMC","DMC1","8","WaterTemperature"
"USBR",2025-08-22,24,25.1,"DMC","DMC1","8","WaterTemperature"
"USBR",2025-08-23,24,25.4,"DMC","DMC1","8","WaterTemperature"
"USBR",2025-08-24,24,25.4,"DMC","DMC1","8","WaterTemperature"
"USBR",2025-08-25,24,25.2,"DMC","DMC1","8","WaterTemperature"
"USBR",2025-08-26,24,25.2,"DMC","DMC1","8","WaterTemperature"
"USBR",2025-08-27,24,25,"DMC","DMC1","8","WaterTemperature"
"USBR",2025-08-28,24,24.7,"DMC","DMC1","8","WaterTemperature"
"USBR",2025-08-29,24,24.1,"DMC","DMC1","8","WaterTemperature"
"USBR",2025-08-30,24,24.2,"DMC","DMC1","8","WaterTemperature"
"USBR",2025-08-31,24,24.4,"DMC","DMC1","8","WaterTemperature"
"USBR",2025-09-01,22,24.6,"DMC","DMC1","9","WaterTemperature"
"USBR",2025-09-02,24,24.7,"DMC","DMC1","9","WaterTemperature"
"USBR",2025-09-03,24,24.7,"DMC","DMC1","9","WaterTemperature"
"USBR",2025-09-04,24,24.6,"DMC","DMC1","9","WaterTemperature"
"USBR",2025-09-05,24,24,"DMC","DMC1","9","WaterTemperature"
"USBR",2025-09-06,24,23.6,"DMC","DMC1","9","WaterTemperature"
"USBR",2025-09-07,24,23.7,"DMC","DMC1","9","WaterTemperature"
"USBR",2025-09-08,24,23.8,"DMC","DMC1","9","WaterTemperature"
"USBR",2025-09-09,24,23.8,"DMC","DMC1","9","WaterTemperature"
"USBR",2025-09-10,24,23.5,"DMC","DMC1","9","WaterTemperature"
"USBR",2025-09-11,24,23.1,"DMC","DMC1","9","WaterTemperature"
"USBR",2025-09-12,24,23.2,"DMC","DMC1","9","WaterTemperature"
"USBR",2025-09-13,24,23,"DMC","DMC1","9","WaterTemperature"
"USBR",2025-09-14,24,23,"DMC","DMC1","9","WaterTemperature"
"USBR",2025-09-15,24,23.5,"DMC","DMC1","9","WaterTemperature"
"USBR",2025-09-16,24,23.8,"DMC","DMC1","9","WaterTemperature"
"USBR",2025-09-17,24,24.1,"DMC","DMC1","9","WaterTemperature"
"USBR",2025-09-18,24,23.9,"DMC","DMC1","9","WaterTemperature"
"USBR",2025-09-19,24,23.9,"DMC","DMC1","9","WaterTemperature"
"USBR",2025-09-20,24,24,"DMC","DMC1","9","WaterTemperature"
"USBR",2025-09-21,24,24,"DMC","DMC1","9","WaterTemperature"
"USBR",2025-09-22,24,24.2,"DMC","DMC1","9","WaterTemperature"
"USBR",2025-09-23,24,24.3,"DMC","DMC1","9","WaterTemperature"
"USBR",2025-09-24,24,23.8,"DMC","DMC1","9","WaterTemperature"
"USBR",2025-09-25,24,23.6,"DMC","DMC1","9","WaterTemperature"
"USBR",2025-09-26,24,23.4,"DMC","DMC1","9","WaterTemperature"
"USBR",2025-09-27,24,23.5,"DMC","DMC1","9","WaterTemperature"
"USBR",2025-09-28,21,23.2,"DMC","DMC1","9","WaterTemperature"
"USBR",2025-09-29,18,23,"DMC","DMC1","9","WaterTemperature"
"USBR",2025-09-30,13,22.6,"DMC","DMC1","9","WaterTemperature"
"USBR",2024-10-01,24,14.2,"EMM","D22","10","WaterTemperature"
"USBR",2024-10-02,24,14.4,"EMM","D22","10","WaterTemperature"
"USBR",2024-10-03,24,14.5,"EMM","D22","10","WaterTemperature"
"USBR",2024-10-04,24,14.6,"EMM","D22","10","WaterTemperature"
"USBR",2024-10-05,24,14.8,"EMM","D22","10","WaterTemperature"
"USBR",2024-10-06,24,14.9,"EMM","D22","10","WaterTemperature"
"USBR",2024-10-07,24,15.2,"EMM","D22","10","WaterTemperature"
"USBR",2024-10-08,24,15.3,"EMM","D22","10","WaterTemperature"
"USBR",2024-10-09,24,15,"EMM","D22","10","WaterTemperature"
"USBR",2024-10-10,24,15,"EMM","D22","10","WaterTemperature"
"USBR",2024-10-11,24,14.6,"EMM","D22","10","WaterTemperature"
"USBR",2024-10-12,24,14.3,"EMM","D22","10","WaterTemperature"
"USBR",2024-10-13,24,14.6,"EMM","D22","10","WaterTemperature"
"USBR",2024-10-14,24,14.7,"EMM","D22","10","WaterTemperature"
"USBR",2024-10-15,24,14.7,"EMM","D22","10","WaterTemperature"
"USBR",2024-10-16,24,14.6,"EMM","D22","10","WaterTemperature"
"USBR",2024-10-17,24,14.2,"EMM","D22","10","WaterTemperature"
"USBR",2024-10-18,24,13.4,"EMM","D22","10","WaterTemperature"
"USBR",2024-10-19,24,13.1,"EMM","D22","10","WaterTemperature"
"USBR",2024-10-20,24,13.1,"EMM","D22","10","WaterTemperature"
"USBR",2024-10-21,24,13.1,"EMM","D22","10","WaterTemperature"
"USBR",2024-10-22,24,13.1,"EMM","D22","10","WaterTemperature"
"USBR",2024-10-23,24,13,"EMM","D22","10","WaterTemperature"
"USBR",2024-10-24,24,12.7,"EMM","D22","10","WaterTemperature"
"USBR",2024-10-25,24,12.6,"EMM","D22","10","WaterTemperature"
"USBR",2024-10-26,24,12.5,"EMM","D22","10","WaterTemperature"
"USBR",2024-10-27,24,12.7,"EMM","D22","10","WaterTemperature"
"USBR",2024-10-28,24,12.4,"EMM","D22","10","WaterTemperature"
"USBR",2024-10-29,24,12.1,"EMM","D22","10","WaterTemperature"
"USBR",2024-10-30,24,11.9,"EMM","D22","10","WaterTemperature"
"USBR",2024-10-31,24,11.7,"EMM","D22","10","WaterTemperature"
"USBR",2024-11-01,24,11.6,"EMM","D22","11","WaterTemperature"
"USBR",2024-11-02,24,11.6,"EMM","D22","11","WaterTemperature"
"USBR",2024-11-03,23,11.4,"EMM","D22","11","WaterTemperature"
"USBR",2024-11-04,24,11.1,"EMM","D22","11","WaterTemperature"
"USBR",2024-11-05,24,11,"EMM","D22","11","WaterTemperature"
"USBR",2024-11-06,24,10.3,"EMM","D22","11","WaterTemperature"
"USBR",2024-11-07,24,10.2,"EMM","D22","11","WaterTemperature"
"USBR",2024-11-08,24,10.1,"EMM","D22","11","WaterTemperature"
"USBR",2024-11-09,24,10.1,"EMM","D22","11","WaterTemperature"
"USBR",2024-11-10,24,10,"EMM","D22","11","WaterTemperature"
"USBR",2024-11-11,24,10,"EMM","D22","11","WaterTemperature"
"USBR",2024-11-12,24,9.7,"EMM","D22","11","WaterTemperature"
"USBR",2024-11-13,24,9.7,"EMM","D22","11","WaterTemperature"
"USBR",2024-11-14,24,9.6,"EMM","D22","11","WaterTemperature"
"USBR",2024-11-15,24,9.4,"EMM","D22","11","WaterTemperature"
"USBR",2024-11-16,24,9.1,"EMM","D22","11","WaterTemperature"
"USBR",2024-11-17,24,9,"EMM","D22","11","WaterTemperature"
"USBR",2024-11-18,24,9,"EMM","D22","11","WaterTemperature"
"USBR",2024-11-19,24,8.7,"EMM","D22","11","WaterTemperature"
"USBR",2024-11-20,24,8.5,"EMM","D22","11","WaterTemperature"
"USBR",2024-11-21,24,8.4,"EMM","D22","11","WaterTemperature"
"USBR",2024-11-22,24,8.3,"EMM","D22","11","WaterTemperature"
"USBR",2024-11-23,24,8.1,"EMM","D22","11","WaterTemperature"
"USBR",2024-11-24,24,7.7,"EMM","D22","11","WaterTemperature"
"USBR",2024-11-25,24,7.4,"EMM","D22","11","WaterTemperature"
"USBR",2024-11-26,24,7.4,"EMM","D22","11","WaterTemperature"
"USBR",2024-11-27,24,7.4,"EMM","D22","11","WaterTemperature"
"USBR",2024-11-28,24,7.3,"EMM","D22","11","WaterTemperature"
"USBR",2024-11-29,24,7.2,"EMM","D22","11","WaterTemperature"
"USBR",2024-11-30,24,7.1,"EMM","D22","11","WaterTemperature"
"USBR",2024-12-01,24,7.1,"EMM","D22","12","WaterTemperature"
"USBR",2024-12-02,24,7.1,"EMM","D22","12","WaterTemperature"
"USBR",2024-12-03,24,7,"EMM","D22","12","WaterTemperature"
"USBR",2024-12-04,24,7,"EMM","D22","12","WaterTemperature"
"USBR",2024-12-05,24,7,"EMM","D22","12","WaterTemperature"
"USBR",2024-12-06,24,6.9,"EMM","D22","12","WaterTemperature"
"USBR",2024-12-07,24,6.9,"EMM","D22","12","WaterTemperature"
"USBR",2024-12-08,24,6.9,"EMM","D22","12","WaterTemperature"
"USBR",2024-12-09,24,6.9,"EMM","D22","12","WaterTemperature"
"USBR",2024-12-10,24,6.8,"EMM","D22","12","WaterTemperature"
"USBR",2024-12-11,24,6.7,"EMM","D22","12","WaterTemperature"
"USBR",2024-12-12,24,6.8,"EMM","D22","12","WaterTemperature"
"USBR",2024-12-13,24,6.9,"EMM","D22","12","WaterTemperature"
"USBR",2024-12-14,24,6.9,"EMM","D22","12","WaterTemperature"
"USBR",2024-12-15,24,6.7,"EMM","D22","12","WaterTemperature"
"USBR",2024-12-16,24,6.6,"EMM","D22","12","WaterTemperature"
"USBR",2024-12-17,24,6.4,"EMM","D22","12","WaterTemperature"
"USBR",2024-12-18,23,6.2,"EMM","D22","12","WaterTemperature"
"USBR",2024-12-19,24,6,"EMM","D22","12","WaterTemperature"
"USBR",2024-12-20,24,5.9,"EMM","D22","12","WaterTemperature"
"USBR",2024-12-21,24,6,"EMM","D22","12","WaterTemperature"
"USBR",2024-12-22,24,6.2,"EMM","D22","12","WaterTemperature"
"USBR",2024-12-23,24,6.3,"EMM","D22","12","WaterTemperature"
"USBR",2024-12-24,24,6.5,"EMM","D22","12","WaterTemperature"
"USBR",2024-12-25,24,6.5,"EMM","D22","12","WaterTemperature"
"USBR",2024-12-26,2,6.6,"EMM","D22","12","WaterTemperature"
"USBR",2025-01-16,13,9.2,"EMM","D22","1","WaterTemperature"
"USBR",2025-01-17,24,9.1,"EMM","D22","1","WaterTemperature"
"USBR",2025-01-18,24,9.1,"EMM","D22","1","WaterTemperature"
"USBR",2025-01-19,24,9.1,"EMM","D22","1","WaterTemperature"
"USBR",2025-01-20,24,8.9,"EMM","D22","1","WaterTemperature"
"USBR",2025-01-21,23,8.9,"EMM","D22","1","WaterTemperature"
"USBR",2025-01-22,24,9,"EMM","D22","1","WaterTemperature"
"USBR",2025-01-23,24,9,"EMM","D22","1","WaterTemperature"
"USBR",2025-01-24,24,9.1,"EMM","D22","1","WaterTemperature"
"USBR",2025-01-25,24,8.9,"EMM","D22","1","WaterTemperature"
"USBR",2025-01-26,24,8.7,"EMM","D22","1","WaterTemperature"
"USBR",2025-01-27,24,8.6,"EMM","D22","1","WaterTemperature"
"USBR",2025-01-28,24,8.6,"EMM","D22","1","WaterTemperature"
"USBR",2025-01-29,24,8.7,"EMM","D22","1","WaterTemperature"
"USBR",2025-01-30,24,8.8,"EMM","D22","1","WaterTemperature"
"USBR",2025-01-31,24,8.8,"EMM","D22","1","WaterTemperature"
"USBR",2025-02-01,24,8.8,"EMM","D22","2","WaterTemperature"
"USBR",2025-02-02,24,9,"EMM","D22","2","WaterTemperature"
"USBR",2025-02-03,24,9.2,"EMM","D22","2","WaterTemperature"
"USBR",2025-02-04,24,9.4,"EMM","D22","2","WaterTemperature"
"USBR",2025-02-05,24,9.6,"EMM","D22","2","WaterTemperature"
"USBR",2025-02-06,24,9.6,"EMM","D22","2","WaterTemperature"
"USBR",2025-02-07,24,9.6,"EMM","D22","2","WaterTemperature"
"USBR",2025-02-08,24,9.2,"EMM","D22","2","WaterTemperature"
"USBR",2025-02-09,24,9,"EMM","D22","2","WaterTemperature"
"USBR",2025-02-10,24,8.8,"EMM","D22","2","WaterTemperature"
"USBR",2025-02-11,24,8.5,"EMM","D22","2","WaterTemperature"
"USBR",2025-02-12,24,8.4,"EMM","D22","2","WaterTemperature"
"USBR",2025-02-13,24,8.4,"EMM","D22","2","WaterTemperature"
"USBR",2025-02-14,24,8.9,"EMM","D22","2","WaterTemperature"
"USBR",2025-02-15,24,9.2,"EMM","D22","2","WaterTemperature"
"USBR",2025-02-16,24,9.4,"EMM","D22","2","WaterTemperature"
"USBR",2025-02-17,24,9.5,"EMM","D22","2","WaterTemperature"
"USBR",2025-02-18,24,9.7,"EMM","D22","2","WaterTemperature"
"USBR",2025-02-19,24,9.8,"EMM","D22","2","WaterTemperature"
"USBR",2025-02-20,24,10,"EMM","D22","2","WaterTemperature"
"USBR",2025-02-21,24,10.2,"EMM","D22","2","WaterTemperature"
"USBR",2025-02-22,24,10.1,"EMM","D22","2","WaterTemperature"
"USBR",2025-02-23,24,10.4,"EMM","D22","2","WaterTemperature"
"USBR",2025-02-24,24,10.8,"EMM","D22","2","WaterTemperature"
"USBR",2025-02-25,24,11.1,"EMM","D22","2","WaterTemperature"
"USBR",2025-02-26,24,11.2,"EMM","D22","2","WaterTemperature"
"USBR",2025-02-27,24,11.1,"EMM","D22","2","WaterTemperature"
"USBR",2025-02-28,24,11.2,"EMM","D22","2","WaterTemperature"
"USBR",2025-03-01,24,11.3,"EMM","D22","3","WaterTemperature"
"USBR",2025-03-02,24,11.3,"EMM","D22","3","WaterTemperature"
"USBR",2025-03-03,24,11.2,"EMM","D22","3","WaterTemperature"
"USBR",2025-03-04,24,11.3,"EMM","D22","3","WaterTemperature"
"USBR",2025-03-05,24,11.2,"EMM","D22","3","WaterTemperature"
"USBR",2025-03-06,24,10.9,"EMM","D22","3","WaterTemperature"
"USBR",2025-03-07,24,10.8,"EMM","D22","3","WaterTemperature"
"USBR",2025-03-08,24,10.7,"EMM","D22","3","WaterTemperature"
"USBR",2025-03-09,23,10.6,"EMM","D22","3","WaterTemperature"
"USBR",2025-03-10,24,10.7,"EMM","D22","3","WaterTemperature"
"USBR",2025-03-11,24,10.8,"EMM","D22","3","WaterTemperature"
"USBR",2025-03-12,24,10.8,"EMM","D22","3","WaterTemperature"
"USBR",2025-03-13,24,10.6,"EMM","D22","3","WaterTemperature"
"USBR",2025-03-14,24,10.3,"EMM","D22","3","WaterTemperature"
"USBR",2025-03-15,24,10.1,"EMM","D22","3","WaterTemperature"
"USBR",2025-03-16,24,10,"EMM","D22","3","WaterTemperature"
"USBR",2025-03-17,24,10,"EMM","D22","3","WaterTemperature"
"USBR",2025-03-18,24,9.7,"EMM","D22","3","WaterTemperature"
"USBR",2025-03-19,24,9.6,"EMM","D22","3","WaterTemperature"
"USBR",2025-03-20,24,9.5,"EMM","D22","3","WaterTemperature"
"USBR",2025-03-21,24,9.5,"EMM","D22","3","WaterTemperature"
"USBR",2025-03-22,24,9.4,"EMM","D22","3","WaterTemperature"
"USBR",2025-03-23,24,9.6,"EMM","D22","3","WaterTemperature"
"USBR",2025-03-24,24,9.9,"EMM","D22","3","WaterTemperature"
"USBR",2025-03-25,24,10.2,"EMM","D22","3","WaterTemperature"
"USBR",2025-03-26,24,10.5,"EMM","D22","3","WaterTemperature"
"USBR",2025-03-27,24,10.7,"EMM","D22","3","WaterTemperature"
"USBR",2025-03-28,24,10.7,"EMM","D22","3","WaterTemperature"
"USBR",2025-03-29,24,10.8,"EMM","D22","3","WaterTemperature"
"USBR",2025-03-30,24,10.6,"EMM","D22","3","WaterTemperature"
"USBR",2025-03-31,24,10.4,"EMM","D22","3","WaterTemperature"
"USBR",2025-04-01,24,10,"EMM","D22","4","WaterTemperature"
"USBR",2025-04-02,24,9.6,"EMM","D22","4","WaterTemperature"
"USBR",2025-04-03,24,9.2,"EMM","D22","4","WaterTemperature"
"USBR",2025-04-04,24,9,"EMM","D22","4","WaterTemperature"
"USBR",2025-04-05,24,9,"EMM","D22","4","WaterTemperature"
"USBR",2025-04-06,24,9.2,"EMM","D22","4","WaterTemperature"
"USBR",2025-04-07,24,9.5,"EMM","D22","4","WaterTemperature"
"USBR",2025-04-08,24,9.6,"EMM","D22","4","WaterTemperature"
"USBR",2025-04-09,24,9.9,"EMM","D22","4","WaterTemperature"
"USBR",2025-04-10,11,10.2,"EMM","D22","4","WaterTemperature"
"USBR",2025-04-16,13,16,"EMM","D22","4","WaterTemperature"
"USBR",2025-04-17,24,15.9,"EMM","D22","4","WaterTemperature"
"USBR",2025-04-18,24,16.1,"EMM","D22","4","WaterTemperature"
"USBR",2025-04-19,24,16.3,"EMM","D22","4","WaterTemperature"
"USBR",2025-04-20,24,16.4,"EMM","D22","4","WaterTemperature"
"USBR",2025-04-21,24,16.8,"EMM","D22","4","WaterTemperature"
"USBR",2025-04-22,24,17.3,"EMM","D22","4","WaterTemperature"
"USBR",2025-04-23,24,17.3,"EMM","D22","4","WaterTemperature"
"USBR",2025-04-24,24,17,"EMM","D22","4","WaterTemperature"
"USBR",2025-04-25,24,16.5,"EMM","D22","4","WaterTemperature"
"USBR",2025-04-26,24,16.4,"EMM","D22","4","WaterTemperature"
"USBR",2025-04-27,24,16.3,"EMM","D22","4","WaterTemperature"
"USBR",2025-04-28,24,16.4,"EMM","D22","4","WaterTemperature"
"USBR",2025-04-29,24,16.7,"EMM","D22","4","WaterTemperature"
"USBR",2025-04-30,24,17.1,"EMM","D22","4","WaterTemperature"
"USBR",2025-05-01,24,17.3,"EMM","D22","5","WaterTemperature"
"USBR",2025-05-02,24,17.2,"EMM","D22","5","WaterTemperature"
"USBR",2025-05-03,24,17.2,"EMM","D22","5","WaterTemperature"
"USBR",2025-05-04,24,17.4,"EMM","D22","5","WaterTemperature"
"USBR",2025-05-05,24,17.6,"EMM","D22","5","WaterTemperature"
"USBR",2025-05-06,24,18,"EMM","D22","5","WaterTemperature"
"USBR",2025-05-07,24,18.1,"EMM","D22","5","WaterTemperature"
"USBR",2025-05-08,24,18.4,"EMM","D22","5","WaterTemperature"
"USBR",2025-05-09,24,18.9,"EMM","D22","5","WaterTemperature"
"USBR",2025-05-10,24,19.2,"EMM","D22","5","WaterTemperature"
"USBR",2025-05-11,24,19.2,"EMM","D22","5","WaterTemperature"
"USBR",2025-05-12,24,19,"EMM","D22","5","WaterTemperature"
"USBR",2025-05-13,24,18.9,"EMM","D22","5","WaterTemperature"
"USBR",2025-05-14,24,19.1,"EMM","D22","5","WaterTemperature"
"USBR",2025-05-15,18,18.6,"EMM","D22","5","WaterTemperature"
"USBR",2025-05-16,13,19.8,"EMM","D22","5","WaterTemperature"
"USBR",2025-05-17,24,19.5,"EMM","D22","5","WaterTemperature"
"USBR",2025-05-18,24,19.3,"EMM","D22","5","WaterTemperature"
"USBR",2025-05-19,24,19.4,"EMM","D22","5","WaterTemperature"
"USBR",2025-05-20,24,19.6,"EMM","D22","5","WaterTemperature"
"USBR",2025-05-21,24,19.8,"EMM","D22","5","WaterTemperature"
"USBR",2025-05-22,24,19.9,"EMM","D22","5","WaterTemperature"
"USBR",2025-05-23,24,19.7,"EMM","D22","5","WaterTemperature"
"USBR",2025-05-24,24,19.8,"EMM","D22","5","WaterTemperature"
"USBR",2025-05-25,24,19.6,"EMM","D22","5","WaterTemperature"
"USBR",2025-05-26,24,19.6,"EMM","D22","5","WaterTemperature"
"USBR",2025-05-27,24,19.8,"EMM","D22","5","WaterTemperature"
"USBR",2025-05-28,24,19.7,"EMM","D22","5","WaterTemperature"
"USBR",2025-05-29,24,19.7,"EMM","D22","5","WaterTemperature"
"USBR",2025-05-30,24,20.2,"EMM","D22","5","WaterTemperature"
"USBR",2025-05-31,24,20.9,"EMM","D22","5","WaterTemperature"
"USBR",2025-06-01,24,21.1,"EMM","D22","6","WaterTemperature"
"USBR",2025-06-02,24,20.9,"EMM","D22","6","WaterTemperature"
"USBR",2025-06-03,24,20.8,"EMM","D22","6","WaterTemperature"
"USBR",2025-06-04,24,20.9,"EMM","D22","6","WaterTemperature"
"USBR",2025-06-05,23,20.8,"EMM","D22","6","WaterTemperature"
"USBR",2025-06-06,23,20.8,"EMM","D22","6","WaterTemperature"
"USBR",2025-06-07,24,20.7,"EMM","D22","6","WaterTemperature"
"USBR",2025-06-08,24,20.3,"EMM","D22","6","WaterTemperature"
"USBR",2025-06-09,24,20.3,"EMM","D22","6","WaterTemperature"
"USBR",2025-06-10,24,20.3,"EMM","D22","6","WaterTemperature"
"USBR",2025-06-11,24,20.2,"EMM","D22","6","WaterTemperature"
"USBR",2025-06-12,24,20.3,"EMM","D22","6","WaterTemperature"
"USBR",2025-06-13,24,20.3,"EMM","D22","6","WaterTemperature"
"USBR",2025-06-14,24,20.7,"EMM","D22","6","WaterTemperature"
"USBR",2025-06-15,24,21.1,"EMM","D22","6","WaterTemperature"
"USBR",2025-06-16,24,21.1,"EMM","D22","6","WaterTemperature"
"USBR",2025-06-17,24,21.1,"EMM","D22","6","WaterTemperature"
"USBR",2025-06-18,24,21.5,"EMM","D22","6","WaterTemperature"
"USBR",2025-06-19,24,21.5,"EMM","D22","6","WaterTemperature"
"USBR",2025-06-20,24,21.1,"EMM","D22","6","WaterTemperature"
"USBR",2025-06-21,24,21,"EMM","D22","6","WaterTemperature"
"USBR",2025-06-22,24,21.1,"EMM","D22","6","WaterTemperature"
"USBR",2025-06-23,24,21.2,"EMM","D22","6","WaterTemperature"
"USBR",2025-06-24,24,21.1,"EMM","D22","6","WaterTemperature"
"USBR",2025-06-25,24,21,"EMM","D22","6","WaterTemperature"
"USBR",2025-06-26,24,21.2,"EMM","D22","6","WaterTemperature"
"USBR",2025-06-27,24,21.5,"EMM","D22","6","WaterTemperature"
"USBR",2025-06-28,24,22.1,"EMM","D22","6","WaterTemperature"
"USBR",2025-06-29,24,22.2,"EMM","D22","6","WaterTemperature"
"USBR",2025-06-30,24,22.2,"EMM","D22","6","WaterTemperature"
"USBR",2025-07-01,24,22.2,"EMM","D22","7","WaterTemperature"
"USBR",2025-07-02,24,22.2,"EMM","D22","7","WaterTemperature"
"USBR",2025-07-03,24,22.3,"EMM","D22","7","WaterTemperature"
"USBR",2025-07-04,24,22.1,"EMM","D22","7","WaterTemperature"
"USBR",2025-07-05,24,22.3,"EMM","D22","7","WaterTemperature"
"USBR",2025-07-06,24,22.3,"EMM","D22","7","WaterTemperature"
"USBR",2025-07-07,24,22.1,"EMM","D22","7","WaterTemperature"
"USBR",2025-07-08,24,21.6,"EMM","D22","7","WaterTemperature"
"USBR",2025-07-09,24,21.4,"EMM","D22","7","WaterTemperature"
"USBR",2025-07-10,24,21.6,"EMM","D22","7","WaterTemperature"
"USBR",2025-07-11,24,22,"EMM","D22","7","WaterTemperature"
"USBR",2025-07-12,24,22.2,"EMM","D22","7","WaterTemperature"
"USBR",2025-07-13,24,21.9,"EMM","D22","7","WaterTemperature"
"USBR",2025-07-14,24,21.9,"EMM","D22","7","WaterTemperature"
"USBR",2025-07-15,24,21.7,"EMM","D22","7","WaterTemperature"
"USBR",2025-07-16,24,21.4,"EMM","D22","7","WaterTemperature"
"USBR",2025-07-17,24,21.3,"EMM","D22","7","WaterTemperature"
"USBR",2025-07-18,24,21.3,"EMM","D22","7","WaterTemperature"
"USBR",2025-07-19,24,21.1,"EMM","D22","7","WaterTemperature"
"USBR",2025-07-20,24,21.1,"EMM","D22","7","WaterTemperature"
"USBR",2025-07-21,24,21.1,"EMM","D22","7","WaterTemperature"
"USBR",2025-07-22,24,21,"EMM","D22","7","WaterTemperature"
"USBR",2025-07-23,24,20.9,"EMM","D22","7","WaterTemperature"
"USBR",2025-07-24,24,20.8,"EMM","D22","7","WaterTemperature"
"USBR",2025-07-25,24,20.6,"EMM","D22","7","WaterTemperature"
"USBR",2025-07-26,24,20.5,"EMM","D22","7","WaterTemperature"
"USBR",2025-07-27,24,20.4,"EMM","D22","7","WaterTemperature"
"USBR",2025-07-28,24,20.7,"EMM","D22","7","WaterTemperature"
"USBR",2025-07-29,24,21.1,"EMM","D22","7","WaterTemperature"
"USBR",2025-07-30,24,21.3,"EMM","D22","7","WaterTemperature"
"USBR",2025-07-31,24,21.6,"EMM","D22","7","WaterTemperature"
"USBR",2025-08-01,24,21.9,"EMM","D22","8","WaterTemperature"
"USBR",2025-08-02,24,22,"EMM","D22","8","WaterTemperature"
"USBR",2025-08-03,24,22.1,"EMM","D22","8","WaterTemperature"
"USBR",2025-08-04,24,21.8,"EMM","D22","8","WaterTemperature"
"USBR",2025-08-05,24,21.8,"EMM","D22","8","WaterTemperature"
"USBR",2025-08-06,24,22.1,"EMM","D22","8","WaterTemperature"
"USBR",2025-08-07,24,22.4,"EMM","D22","8","WaterTemperature"
"USBR",2025-08-08,24,22.7,"EMM","D22","8","WaterTemperature"
"USBR",2025-08-09,24,23,"EMM","D22","8","WaterTemperature"
"USBR",2025-08-10,24,23,"EMM","D22","8","WaterTemperature"
"USBR",2025-08-11,24,22.7,"EMM","D22","8","WaterTemperature"
"USBR",2025-08-12,24,22.2,"EMM","D22","8","WaterTemperature"
"USBR",2025-08-13,24,22,"EMM","D22","8","WaterTemperature"
"USBR",2025-08-14,24,21.9,"EMM","D22","8","WaterTemperature"
"USBR",2025-08-15,24,22.1,"EMM","D22","8","WaterTemperature"
"USBR",2025-08-16,24,22.2,"EMM","D22","8","WaterTemperature"
"USBR",2025-08-17,24,22.2,"EMM","D22","8","WaterTemperature"
"USBR",2025-08-18,24,21.9,"EMM","D22","8","WaterTemperature"
"USBR",2025-08-19,24,22,"EMM","D22","8","WaterTemperature"
"USBR",2025-08-20,24,22.1,"EMM","D22","8","WaterTemperature"
"USBR",2025-08-21,24,22.4,"EMM","D22","8","WaterTemperature"
"USBR",2025-08-22,24,22.7,"EMM","D22","8","WaterTemperature"
"USBR",2025-08-23,24,22.8,"EMM","D22","8","WaterTemperature"
"USBR",2025-08-24,24,22.6,"EMM","D22","8","WaterTemperature"
"USBR",2025-08-25,24,22.4,"EMM","D22","8","WaterTemperature"
"USBR",2025-08-26,24,22.3,"EMM","D22","8","WaterTemperature"
"USBR",2025-08-27,24,22.2,"EMM","D22","8","WaterTemperature"
"USBR",2025-08-28,24,22.2,"EMM","D22","8","WaterTemperature"
"USBR",2025-08-29,24,21.8,"EMM","D22","8","WaterTemperature"
"USBR",2025-08-30,24,22.1,"EMM","D22","8","WaterTemperature"
"USBR",2025-08-31,24,22.4,"EMM","D22","8","WaterTemperature"
"USBR",2025-09-01,24,22.5,"EMM","D22","9","WaterTemperature"
"USBR",2025-09-02,24,22.6,"EMM","D22","9","WaterTemperature"
"USBR",2025-09-03,24,22.6,"EMM","D22","9","WaterTemperature"
"USBR",2025-09-04,24,22.4,"EMM","D22","9","WaterTemperature"
"USBR",2025-09-05,24,22.2,"EMM","D22","9","WaterTemperature"
"USBR",2025-09-06,24,22,"EMM","D22","9","WaterTemperature"
"USBR",2025-09-07,24,21.8,"EMM","D22","9","WaterTemperature"
"USBR",2025-09-08,24,21.8,"EMM","D22","9","WaterTemperature"
"USBR",2025-09-09,24,21.8,"EMM","D22","9","WaterTemperature"
"USBR",2025-09-10,24,21.7,"EMM","D22","9","WaterTemperature"
"USBR",2025-09-11,24,21.7,"EMM","D22","9","WaterTemperature"
"USBR",2025-09-12,24,21.7,"EMM","D22","9","WaterTemperature"
"USBR",2025-09-13,24,21.7,"EMM","D22","9","WaterTemperature"
"USBR",2025-09-14,10,21.5,"EMM","D22","9","WaterTemperature"
"USBR",2025-09-17,14,22.1,"EMM","D22","9","WaterTemperature"
"USBR",2025-09-18,24,22,"EMM","D22","9","WaterTemperature"
"USBR",2025-09-19,24,22,"EMM","D22","9","WaterTemperature"
"USBR",2025-09-20,24,22.1,"EMM","D22","9","WaterTemperature"
"USBR",2025-09-21,24,22.1,"EMM","D22","9","WaterTemperature"
"USBR",2025-09-22,24,22.2,"EMM","D22","9","WaterTemperature"
"USBR",2025-09-23,24,22.4,"EMM","D22","9","WaterTemperature"
"USBR",2025-09-24,24,22.2,"EMM","D22","9","WaterTemperature"
"USBR",2025-09-25,24,22,"EMM","D22","9","WaterTemperature"
"USBR",2025-09-26,24,21.7,"EMM","D22","9","WaterTemperature"
"USBR",2025-09-27,24,21.7,"EMM","D22","9","WaterTemperature"
"USBR",2025-09-28,23,21.3,"EMM","D22","9","WaterTemperature"
"USBR",2025-09-29,18,21,"EMM","D22","9","WaterTemperature"
"USBR",2025-09-30,13,20.9,"EMM","D22","9","WaterTemperature"
"USBR",2024-10-01,24,20,"PCT","C14","10","WaterTemperature"
"USBR",2024-10-02,24,20.3,"PCT","C14","10","WaterTemperature"
"USBR",2024-10-03,24,20.5,"PCT","C14","10","WaterTemperature"
"USBR",2024-10-04,24,20.6,"PCT","C14","10","WaterTemperature"
"USBR",2024-10-05,24,20.8,"PCT","C14","10","WaterTemperature"
"USBR",2024-10-06,24,20.9,"PCT","C14","10","WaterTemperature"
"USBR",2024-10-07,24,21.1,"PCT","C14","10","WaterTemperature"
"USBR",2024-10-08,24,21.1,"PCT","C14","10","WaterTemperature"
"USBR",2024-10-09,24,20.9,"PCT","C14","10","WaterTemperature"
"USBR",2024-10-10,24,20.7,"PCT","C14","10","WaterTemperature"
"USBR",2024-10-11,23,20.3,"PCT","C14","10","WaterTemperature"
"USBR",2024-10-12,24,20.1,"PCT","C14","10","WaterTemperature"
"USBR",2024-10-13,24,20.3,"PCT","C14","10","WaterTemperature"
"USBR",2024-10-14,23,20.2,"PCT","C14","10","WaterTemperature"
"USBR",2024-10-15,24,20.1,"PCT","C14","10","WaterTemperature"
"USBR",2024-10-16,24,19.9,"PCT","C14","10","WaterTemperature"
"USBR",2024-10-17,24,19.6,"PCT","C14","10","WaterTemperature"
"USBR",2024-10-18,24,19,"PCT","C14","10","WaterTemperature"
"USBR",2024-10-19,24,18.8,"PCT","C14","10","WaterTemperature"
"USBR",2024-10-20,24,18.7,"PCT","C14","10","WaterTemperature"
"USBR",2024-10-21,24,18.5,"PCT","C14","10","WaterTemperature"
"USBR",2024-10-22,24,18.4,"PCT","C14","10","WaterTemperature"
"USBR",2024-10-23,24,18.3,"PCT","C14","10","WaterTemperature"
"USBR",2024-10-24,24,18.1,"PCT","C14","10","WaterTemperature"
"USBR",2024-10-25,24,18,"PCT","C14","10","WaterTemperature"
"USBR",2024-10-26,24,17.8,"PCT","C14","10","WaterTemperature"
"USBR",2024-10-27,24,17.8,"PCT","C14","10","WaterTemperature"
"USBR",2024-10-28,24,17.6,"PCT","C14","10","WaterTemperature"
"USBR",2024-10-29,24,17.3,"PCT","C14","10","WaterTemperature"
"USBR",2024-10-30,24,17,"PCT","C14","10","WaterTemperature"
"USBR",2024-10-31,24,16.8,"PCT","C14","10","WaterTemperature"
"USBR",2024-11-01,24,16.5,"PCT","C14","11","WaterTemperature"
"USBR",2024-11-02,24,16.5,"PCT","C14","11","WaterTemperature"
"USBR",2024-11-03,23,16.2,"PCT","C14","11","WaterTemperature"
"USBR",2024-11-04,24,16.1,"PCT","C14","11","WaterTemperature"
"USBR",2024-11-05,24,16.1,"PCT","C14","11","WaterTemperature"
"USBR",2024-11-06,24,15.6,"PCT","C14","11","WaterTemperature"
"USBR",2024-11-07,24,15.3,"PCT","C14","11","WaterTemperature"
"USBR",2024-11-08,24,15.1,"PCT","C14","11","WaterTemperature"
"USBR",2024-11-09,24,15,"PCT","C14","11","WaterTemperature"
"USBR",2024-11-10,24,14.9,"PCT","C14","11","WaterTemperature"
"USBR",2024-11-11,24,14.9,"PCT","C14","11","WaterTemperature"
"USBR",2024-11-12,24,14.7,"PCT","C14","11","WaterTemperature"
"USBR",2024-11-13,24,14.6,"PCT","C14","11","WaterTemperature"
"USBR",2024-11-14,24,14.5,"PCT","C14","11","WaterTemperature"
"USBR",2024-11-15,24,14.2,"PCT","C14","11","WaterTemperature"
"USBR",2024-11-16,24,14,"PCT","C14","11","WaterTemperature"
"USBR",2024-11-17,24,13.8,"PCT","C14","11","WaterTemperature"
"USBR",2024-11-18,24,13.5,"PCT","C14","11","WaterTemperature"
"USBR",2024-11-19,24,13.2,"PCT","C14","11","WaterTemperature"
"USBR",2024-11-20,24,13,"PCT","C14","11","WaterTemperature"
"USBR",2024-11-21,23,12.9,"PCT","C14","11","WaterTemperature"
"USBR",2024-11-22,24,13,"PCT","C14","11","WaterTemperature"
"USBR",2024-11-23,24,13,"PCT","C14","11","WaterTemperature"
"USBR",2024-11-24,24,12.8,"PCT","C14","11","WaterTemperature"
"USBR",2024-11-25,24,12.7,"PCT","C14","11","WaterTemperature"
"USBR",2024-11-26,24,12.6,"PCT","C14","11","WaterTemperature"
"USBR",2024-11-27,24,12.3,"PCT","C14","11","WaterTemperature"
"USBR",2024-11-28,24,12,"PCT","C14","11","WaterTemperature"
"USBR",2024-11-29,24,11.7,"PCT","C14","11","WaterTemperature"
"USBR",2024-11-30,24,11.5,"PCT","C14","11","WaterTemperature"
"USBR",2024-12-01,24,11.4,"PCT","C14","12","WaterTemperature"
"USBR",2024-12-02,24,11.4,"PCT","C14","12","WaterTemperature"
"USBR",2024-12-03,24,11.4,"PCT","C14","12","WaterTemperature"
"USBR",2024-12-04,24,11.4,"PCT","C14","12","WaterTemperature"
"USBR",2024-12-05,24,11.4,"PCT","C14","12","WaterTemperature"
"USBR",2024-12-06,24,11.4,"PCT","C14","12","WaterTemperature"
"USBR",2024-12-07,24,11.4,"PCT","C14","12","WaterTemperature"
"USBR",2024-12-08,24,11.4,"PCT","C14","12","WaterTemperature"
"USBR",2024-12-09,24,11.3,"PCT","C14","12","WaterTemperature"
"USBR",2024-12-10,24,11.1,"PCT","C14","12","WaterTemperature"
"USBR",2024-12-11,24,11,"PCT","C14","12","WaterTemperature"
"USBR",2024-12-12,24,11.2,"PCT","C14","12","WaterTemperature"
"USBR",2024-12-13,24,11.2,"PCT","C14","12","WaterTemperature"
"USBR",2024-12-14,24,11.3,"PCT","C14","12","WaterTemperature"
"USBR",2024-12-15,24,11,"PCT","C14","12","WaterTemperature"
"USBR",2024-12-16,24,10.8,"PCT","C14","12","WaterTemperature"
"USBR",2024-12-17,24,10.7,"PCT","C14","12","WaterTemperature"
"USBR",2024-12-18,23,10.5,"PCT","C14","12","WaterTemperature"
"USBR",2024-12-19,24,10.3,"PCT","C14","12","WaterTemperature"
"USBR",2024-12-20,24,10.1,"PCT","C14","12","WaterTemperature"
"USBR",2024-12-21,24,10,"PCT","C14","12","WaterTemperature"
"USBR",2024-12-22,24,10,"PCT","C14","12","WaterTemperature"
"USBR",2024-12-23,24,10,"PCT","C14","12","WaterTemperature"
"USBR",2024-12-24,24,10.2,"PCT","C14","12","WaterTemperature"
"USBR",2024-12-25,24,10.2,"PCT","C14","12","WaterTemperature"
"USBR",2024-12-26,24,10.3,"PCT","C14","12","WaterTemperature"
"USBR",2024-12-27,24,10.5,"PCT","C14","12","WaterTemperature"
"USBR",2024-12-28,24,10.7,"PCT","C14","12","WaterTemperature"
"USBR",2024-12-29,24,11,"PCT","C14","12","WaterTemperature"
"USBR",2024-12-30,24,11,"PCT","C14","12","WaterTemperature"
"USBR",2024-12-31,24,11,"PCT","C14","12","WaterTemperature"
"USBR",2025-01-01,24,11,"PCT","C14","1","WaterTemperature"
"USBR",2025-01-02,24,10.9,"PCT","C14","1","WaterTemperature"
"USBR",2025-01-03,24,11,"PCT","C14","1","WaterTemperature"
"USBR",2025-01-04,24,11,"PCT","C14","1","WaterTemperature"
"USBR",2025-01-05,24,11,"PCT","C14","1","WaterTemperature"
"USBR",2025-01-06,24,10.9,"PCT","C14","1","WaterTemperature"
"USBR",2025-01-07,24,10.7,"PCT","C14","1","WaterTemperature"
"USBR",2025-01-08,24,10.5,"PCT","C14","1","WaterTemperature"
"USBR",2025-01-09,24,10.5,"PCT","C14","1","WaterTemperature"
"USBR",2025-01-10,24,10.5,"PCT","C14","1","WaterTemperature"
"USBR",2025-01-11,24,10.4,"PCT","C14","1","WaterTemperature"
"USBR",2025-01-12,24,10.4,"PCT","C14","1","WaterTemperature"
"USBR",2025-01-13,24,10.2,"PCT","C14","1","WaterTemperature"
"USBR",2025-01-14,24,10.1,"PCT","C14","1","WaterTemperature"
"USBR",2025-01-15,24,10,"PCT","C14","1","WaterTemperature"
"USBR",2025-01-16,24,9.9,"PCT","C14","1","WaterTemperature"
"USBR",2025-01-17,24,9.9,"PCT","C14","1","WaterTemperature"
"USBR",2025-01-18,24,9.8,"PCT","C14","1","WaterTemperature"
"USBR",2025-01-19,24,9.7,"PCT","C14","1","WaterTemperature"
"USBR",2025-01-20,24,9.7,"PCT","C14","1","WaterTemperature"
"USBR",2025-01-21,23,9.6,"PCT","C14","1","WaterTemperature"
"USBR",2025-01-22,24,9.7,"PCT","C14","1","WaterTemperature"
"USBR",2025-01-23,24,10,"PCT","C14","1","WaterTemperature"
"USBR",2025-01-24,24,10.2,"PCT","C14","1","WaterTemperature"
"USBR",2025-01-25,24,10.2,"PCT","C14","1","WaterTemperature"
"USBR",2025-01-26,24,9.9,"PCT","C14","1","WaterTemperature"
"USBR",2025-01-27,24,9.9,"PCT","C14","1","WaterTemperature"
"USBR",2025-01-28,24,9.8,"PCT","C14","1","WaterTemperature"
"USBR",2025-01-29,24,9.8,"PCT","C14","1","WaterTemperature"
"USBR",2025-01-30,24,9.7,"PCT","C14","1","WaterTemperature"
"USBR",2025-01-31,24,9.6,"PCT","C14","1","WaterTemperature"
"USBR",2025-02-01,24,9.7,"PCT","C14","2","WaterTemperature"
"USBR",2025-02-02,24,10,"PCT","C14","2","WaterTemperature"
"USBR",2025-02-03,24,10.2,"PCT","C14","2","WaterTemperature"
"USBR",2025-02-04,24,10.3,"PCT","C14","2","WaterTemperature"
"USBR",2025-02-05,24,10.1,"PCT","C14","2","WaterTemperature"
"USBR",2025-02-06,24,10,"PCT","C14","2","WaterTemperature"
"USBR",2025-02-07,24,10.2,"PCT","C14","2","WaterTemperature"
"USBR",2025-02-08,24,10.3,"PCT","C14","2","WaterTemperature"
"USBR",2025-02-09,24,10.1,"PCT","C14","2","WaterTemperature"
"USBR",2025-02-10,24,9.8,"PCT","C14","2","WaterTemperature"
"USBR",2025-02-11,24,9.5,"PCT","C14","2","WaterTemperature"
"USBR",2025-02-12,24,9.2,"PCT","C14","2","WaterTemperature"
"USBR",2025-02-13,24,9.2,"PCT","C14","2","WaterTemperature"
"USBR",2025-02-14,24,9.4,"PCT","C14","2","WaterTemperature"
"USBR",2025-02-15,24,9.8,"PCT","C14","2","WaterTemperature"
"USBR",2025-02-16,24,9.9,"PCT","C14","2","WaterTemperature"
"USBR",2025-02-17,24,10.1,"PCT","C14","2","WaterTemperature"
"USBR",2025-02-18,24,10.3,"PCT","C14","2","WaterTemperature"
"USBR",2025-02-19,24,10.5,"PCT","C14","2","WaterTemperature"
"USBR",2025-02-20,24,10.7,"PCT","C14","2","WaterTemperature"
"USBR",2025-02-21,24,10.9,"PCT","C14","2","WaterTemperature"
"USBR",2025-02-22,24,11.2,"PCT","C14","2","WaterTemperature"
"USBR",2025-02-23,24,11.5,"PCT","C14","2","WaterTemperature"
"USBR",2025-02-24,24,11.7,"PCT","C14","2","WaterTemperature"
"USBR",2025-02-25,24,12,"PCT","C14","2","WaterTemperature"
"USBR",2025-02-26,24,12.3,"PCT","C14","2","WaterTemperature"
"USBR",2025-02-27,24,12.4,"PCT","C14","2","WaterTemperature"
"USBR",2025-02-28,24,12.6,"PCT","C14","2","WaterTemperature"
"USBR",2025-03-01,24,12.7,"PCT","C14","3","WaterTemperature"
"USBR",2025-03-02,24,12.7,"PCT","C14","3","WaterTemperature"
"USBR",2025-03-03,24,12.5,"PCT","C14","3","WaterTemperature"
"USBR",2025-03-04,24,12.6,"PCT","C14","3","WaterTemperature"
"USBR",2025-03-05,15,12.7,"PCT","C14","3","WaterTemperature"
"USBR",2025-03-06,24,12.5,"PCT","C14","3","WaterTemperature"
"USBR",2025-03-07,24,12.6,"PCT","C14","3","WaterTemperature"
"USBR",2025-03-08,22,12.7,"PCT","C14","3","WaterTemperature"
"USBR",2025-03-09,5,12.8,"PCT","C14","3","WaterTemperature"
"USBR",2025-03-10,5,13,"PCT","C14","3","WaterTemperature"
"USBR",2025-03-11,9,13,"PCT","C14","3","WaterTemperature"
"USBR",2025-03-12,20,13,"PCT","C14","3","WaterTemperature"
"USBR",2025-03-13,23,12.8,"PCT","C14","3","WaterTemperature"
"USBR",2025-03-14,9,12.6,"PCT","C14","3","WaterTemperature"
"USBR",2025-03-15,14,12.5,"PCT","C14","3","WaterTemperature"
"USBR",2025-03-16,9,12.4,"PCT","C14","3","WaterTemperature"
"USBR",2025-03-17,1,12.6,"PCT","C14","3","WaterTemperature"
"USBR",2025-03-18,9,12.5,"PCT","C14","3","WaterTemperature"
"USBR",2025-03-19,18,12.5,"PCT","C14","3","WaterTemperature"
"USBR",2025-03-25,14,13.7,"PCT","C14","3","WaterTemperature"
"USBR",2025-03-26,23,13.9,"PCT","C14","3","WaterTemperature"
"USBR",2025-03-27,24,14.1,"PCT","C14","3","WaterTemperature"
"USBR",2025-03-28,24,14.3,"PCT","C14","3","WaterTemperature"
"USBR",2025-03-29,24,14.3,"PCT","C14","3","WaterTemperature"
"USBR",2025-03-30,24,14.4,"PCT","C14","3","WaterTemperature"
"USBR",2025-03-31,24,14.5,"PCT","C14","3","WaterTemperature"
"USBR",2025-04-01,24,14.4,"PCT","C14","4","WaterTemperature"
"USBR",2025-04-02,24,14.4,"PCT","C14","4","WaterTemperature"
"USBR",2025-04-03,24,14.4,"PCT","C14","4","WaterTemperature"
"USBR",2025-04-04,24,14.5,"PCT","C14","4","WaterTemperature"
"USBR",2025-04-05,24,14.6,"PCT","C14","4","WaterTemperature"
"USBR",2025-04-06,24,14.7,"PCT","C14","4","WaterTemperature"
"USBR",2025-04-07,24,14.8,"PCT","C14","4","WaterTemperature"
"USBR",2025-04-08,24,14.8,"PCT","C14","4","WaterTemperature"
"USBR",2025-04-09,24,15.1,"PCT","C14","4","WaterTemperature"
"USBR",2025-04-10,24,15.4,"PCT","C14","4","WaterTemperature"
"USBR",2025-04-11,24,15.7,"PCT","C14","4","WaterTemperature"
"USBR",2025-04-12,24,15.9,"PCT","C14","4","WaterTemperature"
"USBR",2025-04-13,24,16.1,"PCT","C14","4","WaterTemperature"
"USBR",2025-04-14,24,16.5,"PCT","C14","4","WaterTemperature"
"USBR",2025-04-15,24,16.5,"PCT","C14","4","WaterTemperature"
"USBR",2025-04-16,24,16.4,"PCT","C14","4","WaterTemperature"
"USBR",2025-04-17,24,16.3,"PCT","C14","4","WaterTemperature"
"USBR",2025-04-18,24,16.3,"PCT","C14","4","WaterTemperature"
"USBR",2025-04-19,24,16.4,"PCT","C14","4","WaterTemperature"
"USBR",2025-04-20,24,16.5,"PCT","C14","4","WaterTemperature"
"USBR",2025-04-21,24,16.6,"PCT","C14","4","WaterTemperature"
"USBR",2025-04-22,24,16.9,"PCT","C14","4","WaterTemperature"
"USBR",2025-04-23,24,16.8,"PCT","C14","4","WaterTemperature"
"USBR",2025-04-24,24,16.6,"PCT","C14","4","WaterTemperature"
"USBR",2025-04-25,24,16.4,"PCT","C14","4","WaterTemperature"
"USBR",2025-04-26,24,16.2,"PCT","C14","4","WaterTemperature"
"USBR",2025-04-27,24,16.1,"PCT","C14","4","WaterTemperature"
"USBR",2025-04-28,24,16.2,"PCT","C14","4","WaterTemperature"
"USBR",2025-04-29,24,16.5,"PCT","C14","4","WaterTemperature"
"USBR",2025-04-30,24,16.8,"PCT","C14","4","WaterTemperature"
"USBR",2025-05-01,24,17,"PCT","C14","5","WaterTemperature"
"USBR",2025-05-02,24,17.2,"PCT","C14","5","WaterTemperature"
"USBR",2025-05-03,24,17.3,"PCT","C14","5","WaterTemperature"
"USBR",2025-05-04,24,17.3,"PCT","C14","5","WaterTemperature"
"USBR",2025-05-05,24,17.4,"PCT","C14","5","WaterTemperature"
"USBR",2025-05-06,9,17.4,"PCT","C14","5","WaterTemperature"
"USBR",2025-07-14,12,21,"PCT","C14","7","WaterTemperature"
"USBR",2025-07-15,24,20.7,"PCT","C14","7","WaterTemperature"
"USBR",2025-07-16,24,20.5,"PCT","C14","7","WaterTemperature"
"USBR",2025-07-17,23,20.5,"PCT","C14","7","WaterTemperature"
"USBR",2025-07-18,24,20.4,"PCT","C14","7","WaterTemperature"
"USBR",2025-07-19,24,20.3,"PCT","C14","7","WaterTemperature"
"USBR",2025-07-20,24,20.2,"PCT","C14","7","WaterTemperature"
"USBR",2025-07-21,24,20.1,"PCT","C14","7","WaterTemperature"
"USBR",2025-07-22,24,20.1,"PCT","C14","7","WaterTemperature"
"USBR",2025-07-23,24,20,"PCT","C14","7","WaterTemperature"
"USBR",2025-07-24,24,20,"PCT","C14","7","WaterTemperature"
"USBR",2025-07-25,24,19.9,"PCT","C14","7","WaterTemperature"
"USBR",2025-07-26,24,19.9,"PCT","C14","7","WaterTemperature"
"USBR",2025-07-27,24,20,"PCT","C14","7","WaterTemperature"
"USBR",2025-07-28,24,20.2,"PCT","C14","7","WaterTemperature"
"USBR",2025-07-29,24,20.4,"PCT","C14","7","WaterTemperature"
"USBR",2025-07-30,24,20.6,"PCT","C14","7","WaterTemperature"
"USBR",2025-07-31,24,20.9,"PCT","C14","7","WaterTemperature"
"USBR",2025-08-01,24,21.1,"PCT","C14","8","WaterTemperature"
"USBR",2025-08-02,24,21,"PCT","C14","8","WaterTemperature"
"USBR",2025-08-03,24,21.1,"PCT","C14","8","WaterTemperature"
"USBR",2025-08-04,24,21,"PCT","C14","8","WaterTemperature"
"USBR",2025-08-05,24,21,"PCT","C14","8","WaterTemperature"
"USBR",2025-08-06,24,21.2,"PCT","C14","8","WaterTemperature"
"USBR",2025-08-07,24,21.6,"PCT","C14","8","WaterTemperature"
"USBR",2025-08-08,24,21.8,"PCT","C14","8","WaterTemperature"
"USBR",2025-08-09,24,21.9,"PCT","C14","8","WaterTemperature"
"USBR",2025-08-10,24,21.8,"PCT","C14","8","WaterTemperature"
"USBR",2025-08-11,24,21.7,"PCT","C14","8","WaterTemperature"
"USBR",2025-08-12,24,21.5,"PCT","C14","8","WaterTemperature"
"USBR",2025-08-13,24,21.3,"PCT","C14","8","WaterTemperature"
"USBR",2025-08-14,24,21.3,"PCT","C14","8","WaterTemperature"
"USBR",2025-08-15,24,21.4,"PCT","C14","8","WaterTemperature"
"USBR",2025-08-16,24,21.5,"PCT","C14","8","WaterTemperature"
"USBR",2025-08-17,24,21.5,"PCT","C14","8","WaterTemperature"
"USBR",2025-08-18,24,21.4,"PCT","C14","8","WaterTemperature"
"USBR",2025-08-19,24,21.3,"PCT","C14","8","WaterTemperature"
"USBR",2025-08-20,23,21.4,"PCT","C14","8","WaterTemperature"
"USBR",2025-08-21,24,21.7,"PCT","C14","8","WaterTemperature"
"USBR",2025-08-22,24,21.8,"PCT","C14","8","WaterTemperature"
"USBR",2025-08-23,24,21.7,"PCT","C14","8","WaterTemperature"
"USBR",2025-08-24,24,21.6,"PCT","C14","8","WaterTemperature"
"USBR",2025-08-25,24,21.5,"PCT","C14","8","WaterTemperature"
"USBR",2025-08-26,24,21.4,"PCT","C14","8","WaterTemperature"
"USBR",2025-08-27,24,21.4,"PCT","C14","8","WaterTemperature"
"USBR",2025-08-28,24,21.3,"PCT","C14","8","WaterTemperature"
"USBR",2025-08-29,24,21.3,"PCT","C14","8","WaterTemperature"
"USBR",2025-08-30,24,21.3,"PCT","C14","8","WaterTemperature"
"USBR",2025-08-31,24,21.3,"PCT","C14","8","WaterTemperature"
"USBR",2025-09-01,24,21.5,"PCT","C14","9","WaterTemperature"
"USBR",2025-09-02,24,21.7,"PCT","C14","9","WaterTemperature"
"USBR",2025-09-03,24,21.8,"PCT","C14","9","WaterTemperature"
"USBR",2025-09-04,24,21.5,"PCT","C14","9","WaterTemperature"
"USBR",2025-09-05,24,21.4,"PCT","C14","9","WaterTemperature"
"USBR",2025-09-06,24,21.3,"PCT","C14","9","WaterTemperature"
"USBR",2025-09-07,24,21.2,"PCT","C14","9","WaterTemperature"
"USBR",2025-09-08,24,21.3,"PCT","C14","9","WaterTemperature"
"USBR",2025-09-09,24,21.4,"PCT","C14","9","WaterTemperature"
"USBR",2025-09-10,24,21.4,"PCT","C14","9","WaterTemperature"
"USBR",2025-09-11,24,21.5,"PCT","C14","9","WaterTemperature"
"USBR",2025-09-12,24,21.6,"PCT","C14","9","WaterTemperature"
"USBR",2025-09-13,24,21.5,"PCT","C14","9","WaterTemperature"
"USBR",2025-09-14,24,21.5,"PCT","C14","9","WaterTemperature"
"USBR",2025-09-15,24,21.6,"PCT","C14","9","WaterTemperature"
"USBR",2025-09-16,23,21.8,"PCT","C14","9","WaterTemperature"
"USBR",2025-09-17,23,22,"PCT","C14","9","WaterTemperature"
"USBR",2025-09-18,24,21.9,"PCT","C14","9","WaterTemperature"
"USBR",2025-09-19,24,21.9,"PCT","C14","9","WaterTemperature"
"USBR",2025-09-20,24,21.9,"PCT","C14","9","WaterTemperature"
"USBR",2025-09-21,24,21.9,"PCT","C14","9","WaterTemperature"
"USBR",2025-09-22,24,21.9,"PCT","C14","9","WaterTemperature"
"USBR",2025-09-23,24,22.1,"PCT","C14","9","WaterTemperature"
"USBR",2025-09-24,23,21.9,"PCT","C14","9","WaterTemperature"
"USBR",2025-09-25,24,21.8,"PCT","C14","9","WaterTemperature"
"USBR",2025-09-26,24,21.7,"PCT","C14","9","WaterTemperature"
"USBR",2025-09-27,24,21.3,"PCT","C14","9","WaterTemperature"
"USBR",2025-09-28,24,21,"PCT","C14","9","WaterTemperature"
"USBR",2025-09-29,19,20.9,"PCT","C14","9","WaterTemperature"
"USBR",2025-09-30,16,20.9,"PCT","C14","9","WaterTemperature"
"USBR",2024-10-01,24,20.8,"SAL","C4","10","WaterTemperature"
"USBR",2024-10-02,24,21.1,"SAL","C4","10","WaterTemperature"
"USBR",2024-10-03,24,21.3,"SAL","C4","10","WaterTemperature"
"USBR",2024-10-04,24,21.5,"SAL","C4","10","WaterTemperature"
"USBR",2024-10-05,24,21.3,"SAL","C4","10","WaterTemperature"
"USBR",2024-10-06,24,21.5,"SAL","C4","10","WaterTemperature"
"USBR",2024-10-07,24,21.6,"SAL","C4","10","WaterTemperature"
"USBR",2024-10-08,24,21.7,"SAL","C4","10","WaterTemperature"
"USBR",2024-10-09,24,21.6,"SAL","C4","10","WaterTemperature"
"USBR",2024-10-10,24,21.5,"SAL","C4","10","WaterTemperature"
"USBR",2024-10-11,24,21.4,"SAL","C4","10","WaterTemperature"
"USBR",2024-10-12,24,21,"SAL","C4","10","WaterTemperature"
"USBR",2024-10-13,24,20.9,"SAL","C4","10","WaterTemperature"
"USBR",2024-10-14,24,20.9,"SAL","C4","10","WaterTemperature"
"USBR",2024-10-15,24,20.8,"SAL","C4","10","WaterTemperature"
"USBR",2024-10-16,24,20.5,"SAL","C4","10","WaterTemperature"
"USBR",2024-10-17,24,20.2,"SAL","C4","10","WaterTemperature"
"USBR",2024-10-18,24,19.1,"SAL","C4","10","WaterTemperature"
"USBR",2024-10-19,24,18.7,"SAL","C4","10","WaterTemperature"
"USBR",2024-10-20,24,18.6,"SAL","C4","10","WaterTemperature"
"USBR",2024-10-21,24,18.5,"SAL","C4","10","WaterTemperature"
"USBR",2024-10-22,24,18.5,"SAL","C4","10","WaterTemperature"
"USBR",2024-10-23,24,18.3,"SAL","C4","10","WaterTemperature"
"USBR",2024-10-24,24,18,"SAL","C4","10","WaterTemperature"
"USBR",2024-10-25,24,17.9,"SAL","C4","10","WaterTemperature"
"USBR",2024-10-26,24,17.7,"SAL","C4","10","WaterTemperature"
"USBR",2024-10-27,24,17.8,"SAL","C4","10","WaterTemperature"
"USBR",2024-10-28,24,17.5,"SAL","C4","10","WaterTemperature"
"USBR",2024-10-29,24,17,"SAL","C4","10","WaterTemperature"
"USBR",2024-10-30,24,16.8,"SAL","C4","10","WaterTemperature"
"USBR",2024-10-31,24,16.7,"SAL","C4","10","WaterTemperature"
"USBR",2024-11-01,24,16.5,"SAL","C4","11","WaterTemperature"
"USBR",2024-11-02,24,16.5,"SAL","C4","11","WaterTemperature"
"USBR",2024-11-03,23,16.1,"SAL","C4","11","WaterTemperature"
"USBR",2024-11-04,24,15.7,"SAL","C4","11","WaterTemperature"
"USBR",2024-11-05,24,15.5,"SAL","C4","11","WaterTemperature"
"USBR",2024-11-06,24,14.9,"SAL","C4","11","WaterTemperature"
"USBR",2024-11-07,24,14.7,"SAL","C4","11","WaterTemperature"
"USBR",2024-11-08,24,14.7,"SAL","C4","11","WaterTemperature"
"USBR",2024-11-09,24,14.6,"SAL","C4","11","WaterTemperature"
"USBR",2024-11-10,24,14.5,"SAL","C4","11","WaterTemperature"
"USBR",2024-11-11,24,14.3,"SAL","C4","11","WaterTemperature"
"USBR",2024-11-12,24,14,"SAL","C4","11","WaterTemperature"
"USBR",2024-11-13,24,13.9,"SAL","C4","11","WaterTemperature"
"USBR",2024-11-14,24,13.9,"SAL","C4","11","WaterTemperature"
"USBR",2024-11-15,24,13.7,"SAL","C4","11","WaterTemperature"
"USBR",2024-11-16,24,13.3,"SAL","C4","11","WaterTemperature"
"USBR",2024-11-17,24,13.1,"SAL","C4","11","WaterTemperature"
"USBR",2024-11-18,24,12.9,"SAL","C4","11","WaterTemperature"
"USBR",2024-11-19,24,12.7,"SAL","C4","11","WaterTemperature"
"USBR",2024-11-20,24,12.5,"SAL","C4","11","WaterTemperature"
"USBR",2024-11-21,24,12.4,"SAL","C4","11","WaterTemperature"
"USBR",2024-11-22,24,12.4,"SAL","C4","11","WaterTemperature"
"USBR",2024-11-23,24,12.3,"SAL","C4","11","WaterTemperature"
"USBR",2024-11-24,24,12.1,"SAL","C4","11","WaterTemperature"
"USBR",2024-11-25,24,11.9,"SAL","C4","11","WaterTemperature"
"USBR",2024-11-26,24,11.9,"SAL","C4","11","WaterTemperature"
"USBR",2024-11-27,24,11.7,"SAL","C4","11","WaterTemperature"
"USBR",2024-11-28,24,11.6,"SAL","C4","11","WaterTemperature"
"USBR",2024-11-29,24,11.4,"SAL","C4","11","WaterTemperature"
"USBR",2024-11-30,24,11.3,"SAL","C4","11","WaterTemperature"
"USBR",2024-12-01,24,11.2,"SAL","C4","12","WaterTemperature"
"USBR",2024-12-02,24,11.3,"SAL","C4","12","WaterTemperature"
"USBR",2024-12-03,24,11.2,"SAL","C4","12","WaterTemperature"
"USBR",2024-12-04,24,11.2,"SAL","C4","12","WaterTemperature"
"USBR",2024-12-05,24,11.2,"SAL","C4","12","WaterTemperature"
"USBR",2024-12-06,24,11.2,"SAL","C4","12","WaterTemperature"
"USBR",2024-12-07,24,11.1,"SAL","C4","12","WaterTemperature"
"USBR",2024-12-08,24,11.1,"SAL","C4","12","WaterTemperature"
"USBR",2024-12-09,24,11.1,"SAL","C4","12","WaterTemperature"
"USBR",2024-12-10,24,10.9,"SAL","C4","12","WaterTemperature"
"USBR",2024-12-11,24,10.8,"SAL","C4","12","WaterTemperature"
"USBR",2024-12-12,24,10.8,"SAL","C4","12","WaterTemperature"
"USBR",2024-12-13,24,10.8,"SAL","C4","12","WaterTemperature"
"USBR",2024-12-14,24,10.8,"SAL","C4","12","WaterTemperature"
"USBR",2024-12-15,24,10.6,"SAL","C4","12","WaterTemperature"
"USBR",2024-12-16,24,10.4,"SAL","C4","12","WaterTemperature"
"USBR",2024-12-17,24,10.3,"SAL","C4","12","WaterTemperature"
"USBR",2024-12-18,23,10.1,"SAL","C4","12","WaterTemperature"
"USBR",2024-12-19,24,9.8,"SAL","C4","12","WaterTemperature"
"USBR",2024-12-20,24,9.8,"SAL","C4","12","WaterTemperature"
"USBR",2024-12-21,24,9.8,"SAL","C4","12","WaterTemperature"
"USBR",2024-12-22,24,10,"SAL","C4","12","WaterTemperature"
"USBR",2024-12-23,24,10.3,"SAL","C4","12","WaterTemperature"
"USBR",2024-12-24,24,10.5,"SAL","C4","12","WaterTemperature"
"USBR",2024-12-25,24,10.4,"SAL","C4","12","WaterTemperature"
"USBR",2024-12-26,24,10.5,"SAL","C4","12","WaterTemperature"
"USBR",2024-12-27,24,10.8,"SAL","C4","12","WaterTemperature"
"USBR",2024-12-28,24,11.1,"SAL","C4","12","WaterTemperature"
"USBR",2024-12-29,24,11.3,"SAL","C4","12","WaterTemperature"
"USBR",2024-12-30,24,11.3,"SAL","C4","12","WaterTemperature"
"USBR",2024-12-31,24,11.1,"SAL","C4","12","WaterTemperature"
"USBR",2025-01-01,24,11.2,"SAL","C4","1","WaterTemperature"
"USBR",2025-01-02,24,11.1,"SAL","C4","1","WaterTemperature"
"USBR",2025-01-03,24,11.1,"SAL","C4","1","WaterTemperature"
"USBR",2025-01-04,24,10.7,"SAL","C4","1","WaterTemperature"
"USBR",2025-01-05,24,10.5,"SAL","C4","1","WaterTemperature"
"USBR",2025-01-06,24,10.5,"SAL","C4","1","WaterTemperature"
"USBR",2025-01-07,24,10.4,"SAL","C4","1","WaterTemperature"
"USBR",2025-01-08,24,10.4,"SAL","C4","1","WaterTemperature"
"USBR",2025-01-09,24,10.5,"SAL","C4","1","WaterTemperature"
"USBR",2025-01-10,24,10.5,"SAL","C4","1","WaterTemperature"
"USBR",2025-01-11,24,10.4,"SAL","C4","1","WaterTemperature"
"USBR",2025-01-12,24,10.1,"SAL","C4","1","WaterTemperature"
"USBR",2025-01-13,24,10,"SAL","C4","1","WaterTemperature"
"USBR",2025-01-14,24,9.9,"SAL","C4","1","WaterTemperature"
"USBR",2025-01-15,24,9.9,"SAL","C4","1","WaterTemperature"
"USBR",2025-01-16,24,9.8,"SAL","C4","1","WaterTemperature"
"USBR",2025-01-17,24,9.9,"SAL","C4","1","WaterTemperature"
"USBR",2025-01-18,24,9.8,"SAL","C4","1","WaterTemperature"
"USBR",2025-01-19,24,9.8,"SAL","C4","1","WaterTemperature"
"USBR",2025-01-20,24,9.7,"SAL","C4","1","WaterTemperature"
"USBR",2025-01-21,23,9.6,"SAL","C4","1","WaterTemperature"
"USBR",2025-01-22,24,9.7,"SAL","C4","1","WaterTemperature"
"USBR",2025-01-23,24,9.8,"SAL","C4","1","WaterTemperature"
"USBR",2025-01-24,24,9.8,"SAL","C4","1","WaterTemperature"
"USBR",2025-01-25,24,9.7,"SAL","C4","1","WaterTemperature"
"USBR",2025-01-26,24,9.5,"SAL","C4","1","WaterTemperature"
"USBR",2025-01-27,24,9.4,"SAL","C4","1","WaterTemperature"
"USBR",2025-01-28,24,9.4,"SAL","C4","1","WaterTemperature"
"USBR",2025-01-29,24,9.5,"SAL","C4","1","WaterTemperature"
"USBR",2025-01-30,24,9.5,"SAL","C4","1","WaterTemperature"
"USBR",2025-01-31,24,9.5,"SAL","C4","1","WaterTemperature"
"USBR",2025-02-01,24,9.5,"SAL","C4","2","WaterTemperature"
"USBR",2025-02-02,24,9.8,"SAL","C4","2","WaterTemperature"
"USBR",2025-02-03,24,9.9,"SAL","C4","2","WaterTemperature"
"USBR",2025-02-04,24,10.2,"SAL","C4","2","WaterTemperature"
"USBR",2025-02-05,24,10.3,"SAL","C4","2","WaterTemperature"
"USBR",2025-02-06,24,10.2,"SAL","C4","2","WaterTemperature"
"USBR",2025-02-07,24,10.2,"SAL","C4","2","WaterTemperature"
"USBR",2025-02-08,24,10,"SAL","C4","2","WaterTemperature"
"USBR",2025-02-09,24,9.8,"SAL","C4","2","WaterTemperature"
"USBR",2025-02-10,24,9.6,"SAL","C4","2","WaterTemperature"
"USBR",2025-02-11,24,9.5,"SAL","C4","2","WaterTemperature"
"USBR",2025-02-12,24,9.4,"SAL","C4","2","WaterTemperature"
"USBR",2025-02-13,24,9.5,"SAL","C4","2","WaterTemperature"
"USBR",2025-02-14,24,9.7,"SAL","C4","2","WaterTemperature"
"USBR",2025-02-15,24,9.9,"SAL","C4","2","WaterTemperature"
"USBR",2025-02-16,24,10.2,"SAL","C4","2","WaterTemperature"
"USBR",2025-02-17,24,10.3,"SAL","C4","2","WaterTemperature"
"USBR",2025-02-18,24,10.4,"SAL","C4","2","WaterTemperature"
"USBR",2025-02-19,24,10.6,"SAL","C4","2","WaterTemperature"
"USBR",2025-02-20,24,10.7,"SAL","C4","2","WaterTemperature"
"USBR",2025-02-21,24,11,"SAL","C4","2","WaterTemperature"
"USBR",2025-02-22,24,11.2,"SAL","C4","2","WaterTemperature"
"USBR",2025-02-23,24,11.5,"SAL","C4","2","WaterTemperature"
"USBR",2025-02-24,24,11.7,"SAL","C4","2","WaterTemperature"
"USBR",2025-02-25,24,11.9,"SAL","C4","2","WaterTemperature"
"USBR",2025-02-26,24,12,"SAL","C4","2","WaterTemperature"
"USBR",2025-02-27,24,12.1,"SAL","C4","2","WaterTemperature"
"USBR",2025-02-28,24,12.4,"SAL","C4","2","WaterTemperature"
"USBR",2025-03-01,24,12.5,"SAL","C4","3","WaterTemperature"
"USBR",2025-03-02,24,12.5,"SAL","C4","3","WaterTemperature"
"USBR",2025-03-03,24,12.4,"SAL","C4","3","WaterTemperature"
"USBR",2025-03-04,24,12.6,"SAL","C4","3","WaterTemperature"
"USBR",2025-03-05,24,12.6,"SAL","C4","3","WaterTemperature"
"USBR",2025-03-06,24,12.3,"SAL","C4","3","WaterTemperature"
"USBR",2025-03-07,24,12.3,"SAL","C4","3","WaterTemperature"
"USBR",2025-03-08,24,12.4,"SAL","C4","3","WaterTemperature"
"USBR",2025-03-09,23,12.7,"SAL","C4","3","WaterTemperature"
"USBR",2025-03-10,24,12.8,"SAL","C4","3","WaterTemperature"
"USBR",2025-03-11,24,12.9,"SAL","C4","3","WaterTemperature"
"USBR",2025-03-12,24,12.9,"SAL","C4","3","WaterTemperature"
"USBR",2025-03-13,24,12.6,"SAL","C4","3","WaterTemperature"
"USBR",2025-03-14,24,12.2,"SAL","C4","3","WaterTemperature"
"USBR",2025-03-15,24,12.1,"SAL","C4","3","WaterTemperature"
"USBR",2025-03-16,24,12.1,"SAL","C4","3","WaterTemperature"
"USBR",2025-03-17,24,12.3,"SAL","C4","3","WaterTemperature"
"USBR",2025-03-18,24,12,"SAL","C4","3","WaterTemperature"
"USBR",2025-03-19,24,12,"SAL","C4","3","WaterTemperature"
"USBR",2025-03-20,24,12.1,"SAL","C4","3","WaterTemperature"
"USBR",2025-03-21,24,12.2,"SAL","C4","3","WaterTemperature"
"USBR",2025-03-22,24,12.4,"SAL","C4","3","WaterTemperature"
"USBR",2025-03-23,24,12.6,"SAL","C4","3","WaterTemperature"
"USBR",2025-03-24,24,13.2,"SAL","C4","3","WaterTemperature"
"USBR",2025-03-25,24,13.8,"SAL","C4","3","WaterTemperature"
"USBR",2025-03-26,24,14.3,"SAL","C4","3","WaterTemperature"
"USBR",2025-03-27,24,14.6,"SAL","C4","3","WaterTemperature"
"USBR",2025-03-28,24,14.7,"SAL","C4","3","WaterTemperature"
"USBR",2025-03-29,24,14.8,"SAL","C4","3","WaterTemperature"
"USBR",2025-03-30,24,14.8,"SAL","C4","3","WaterTemperature"
"USBR",2025-03-31,24,14.8,"SAL","C4","3","WaterTemperature"
"USBR",2025-04-01,24,14.5,"SAL","C4","4","WaterTemperature"
"USBR",2025-04-02,24,14.1,"SAL","C4","4","WaterTemperature"
"USBR",2025-04-03,24,14,"SAL","C4","4","WaterTemperature"
"USBR",2025-04-04,24,13.9,"SAL","C4","4","WaterTemperature"
"USBR",2025-04-05,24,14.1,"SAL","C4","4","WaterTemperature"
"USBR",2025-04-06,24,14.5,"SAL","C4","4","WaterTemperature"
"USBR",2025-04-07,24,14.8,"SAL","C4","4","WaterTemperature"
"USBR",2025-04-08,24,15,"SAL","C4","4","WaterTemperature"
"USBR",2025-04-09,24,15.3,"SAL","C4","4","WaterTemperature"
"USBR",2025-04-10,24,15.7,"SAL","C4","4","WaterTemperature"
"USBR",2025-04-11,24,16.1,"SAL","C4","4","WaterTemperature"
"USBR",2025-04-12,24,16.2,"SAL","C4","4","WaterTemperature"
"USBR",2025-04-13,24,16.2,"SAL","C4","4","WaterTemperature"
"USBR",2025-04-14,24,16.6,"SAL","C4","4","WaterTemperature"
"USBR",2025-04-15,24,16.6,"SAL","C4","4","WaterTemperature"
"USBR",2025-04-16,24,16.4,"SAL","C4","4","WaterTemperature"
"USBR",2025-04-17,24,16.5,"SAL","C4","4","WaterTemperature"
"USBR",2025-04-18,24,16.5,"SAL","C4","4","WaterTemperature"
"USBR",2025-04-19,24,16.8,"SAL","C4","4","WaterTemperature"
"USBR",2025-04-20,24,17,"SAL","C4","4","WaterTemperature"
"USBR",2025-04-21,24,17.4,"SAL","C4","4","WaterTemperature"
"USBR",2025-04-22,24,17.9,"SAL","C4","4","WaterTemperature"
"USBR",2025-04-23,24,17.9,"SAL","C4","4","WaterTemperature"
"USBR",2025-04-24,24,17.8,"SAL","C4","4","WaterTemperature"
"USBR",2025-04-25,24,17.4,"SAL","C4","4","WaterTemperature"
"USBR",2025-04-26,24,17.2,"SAL","C4","4","WaterTemperature"
"USBR",2025-04-27,24,17,"SAL","C4","4","WaterTemperature"
"USBR",2025-04-28,24,17.1,"SAL","C4","4","WaterTemperature"
"USBR",2025-04-29,24,17.5,"SAL","C4","4","WaterTemperature"
"USBR",2025-04-30,24,17.9,"SAL","C4","4","WaterTemperature"
"USBR",2025-05-01,24,18.2,"SAL","C4","5","WaterTemperature"
"USBR",2025-05-02,24,18.2,"SAL","C4","5","WaterTemperature"
"USBR",2025-05-03,24,18.3,"SAL","C4","5","WaterTemperature"
"USBR",2025-05-04,24,18.4,"SAL","C4","5","WaterTemperature"
"USBR",2025-05-05,24,18.4,"SAL","C4","5","WaterTemperature"
"USBR",2025-05-06,24,18.6,"SAL","C4","5","WaterTemperature"
"USBR",2025-05-07,24,18.7,"SAL","C4","5","WaterTemperature"
"USBR",2025-05-08,24,19.1,"SAL","C4","5","WaterTemperature"
"USBR",2025-05-09,24,19.6,"SAL","C4","5","WaterTemperature"
"USBR",2025-05-10,24,19.9,"SAL","C4","5","WaterTemperature"
"USBR",2025-05-11,24,19.8,"SAL","C4","5","WaterTemperature"
"USBR",2025-05-12,24,19.5,"SAL","C4","5","WaterTemperature"
"USBR",2025-05-13,24,19.3,"SAL","C4","5","WaterTemperature"
"USBR",2025-05-14,24,19.5,"SAL","C4","5","WaterTemperature"
"USBR",2025-05-15,24,19.8,"SAL","C4","5","WaterTemperature"
"USBR",2025-05-16,24,20,"SAL","C4","5","WaterTemperature"
"USBR",2025-05-17,24,20,"SAL","C4","5","WaterTemperature"
"USBR",2025-05-18,24,19.8,"SAL","C4","5","WaterTemperature"
"USBR",2025-05-19,24,19.9,"SAL","C4","5","WaterTemperature"
"USBR",2025-05-20,24,20.2,"SAL","C4","5","WaterTemperature"
"USBR",2025-05-21,24,20.5,"SAL","C4","5","WaterTemperature"
"USBR",2025-05-22,24,20.5,"SAL","C4","5","WaterTemperature"
"USBR",2025-05-23,24,20.4,"SAL","C4","5","WaterTemperature"
"USBR",2025-05-24,24,20.7,"SAL","C4","5","WaterTemperature"
"USBR",2025-05-25,24,20.7,"SAL","C4","5","WaterTemperature"
"USBR",2025-05-26,24,20.3,"SAL","C4","5","WaterTemperature"
"USBR",2025-05-27,24,20.5,"SAL","C4","5","WaterTemperature"
"USBR",2025-05-28,24,20.5,"SAL","C4","5","WaterTemperature"
"USBR",2025-05-29,24,20.6,"SAL","C4","5","WaterTemperature"
"USBR",2025-05-30,24,21.1,"SAL","C4","5","WaterTemperature"
"USBR",2025-05-31,24,21.8,"SAL","C4","5","WaterTemperature"
"USBR",2025-06-01,24,22.1,"SAL","C4","6","WaterTemperature"
"USBR",2025-06-02,24,22.2,"SAL","C4","6","WaterTemperature"
"USBR",2025-06-03,24,22,"SAL","C4","6","WaterTemperature"
"USBR",2025-06-04,24,22.2,"SAL","C4","6","WaterTemperature"
"USBR",2025-06-05,24,22,"SAL","C4","6","WaterTemperature"
"USBR",2025-06-06,24,21.9,"SAL","C4","6","WaterTemperature"
"USBR",2025-06-07,24,21.9,"SAL","C4","6","WaterTemperature"
"USBR",2025-06-08,24,21.6,"SAL","C4","6","WaterTemperature"
"USBR",2025-06-09,24,21.7,"SAL","C4","6","WaterTemperature"
"USBR",2025-06-10,24,21.7,"SAL","C4","6","WaterTemperature"
"USBR",2025-06-11,24,21.5,"SAL","C4","6","WaterTemperature"
"USBR",2025-06-12,24,21.5,"SAL","C4","6","WaterTemperature"
"USBR",2025-06-13,24,21.5,"SAL","C4","6","WaterTemperature"
"USBR",2025-06-14,24,21.9,"SAL","C4","6","WaterTemperature"
"USBR",2025-06-15,24,22.2,"SAL","C4","6","WaterTemperature"
"USBR",2025-06-16,24,22.4,"SAL","C4","6","WaterTemperature"
"USBR",2025-06-17,24,22.3,"SAL","C4","6","WaterTemperature"
"USBR",2025-06-18,24,22.7,"SAL","C4","6","WaterTemperature"
"USBR",2025-06-19,24,22.6,"SAL","C4","6","WaterTemperature"
"USBR",2025-06-20,24,22.2,"SAL","C4","6","WaterTemperature"
"USBR",2025-06-21,24,21.7,"SAL","C4","6","WaterTemperature"
"USBR",2025-06-22,24,21.8,"SAL","C4","6","WaterTemperature"
"USBR",2025-06-23,24,22,"SAL","C4","6","WaterTemperature"
"USBR",2025-06-24,24,22,"SAL","C4","6","WaterTemperature"
"USBR",2025-06-25,24,21.9,"SAL","C4","6","WaterTemperature"
"USBR",2025-06-26,24,22.1,"SAL","C4","6","WaterTemperature"
"USBR",2025-06-27,24,22.5,"SAL","C4","6","WaterTemperature"
"USBR",2025-06-28,24,23,"SAL","C4","6","WaterTemperature"
"USBR",2025-06-29,24,23.2,"SAL","C4","6","WaterTemperature"
"USBR",2025-06-30,24,23.4,"SAL","C4","6","WaterTemperature"
"USBR",2025-07-01,24,23.5,"SAL","C4","7","WaterTemperature"
"USBR",2025-07-02,24,23.7,"SAL","C4","7","WaterTemperature"
"USBR",2025-07-03,24,23.7,"SAL","C4","7","WaterTemperature"
"USBR",2025-07-04,24,23.3,"SAL","C4","7","WaterTemperature"
"USBR",2025-07-05,24,23.1,"SAL","C4","7","WaterTemperature"
"USBR",2025-07-06,24,23.1,"SAL","C4","7","WaterTemperature"
"USBR",2025-07-07,24,22.9,"SAL","C4","7","WaterTemperature"
"USBR",2025-07-08,24,22.4,"SAL","C4","7","WaterTemperature"
"USBR",2025-07-09,24,22.2,"SAL","C4","7","WaterTemperature"
"USBR",2025-07-10,24,22.4,"SAL","C4","7","WaterTemperature"
"USBR",2025-07-11,24,22.9,"SAL","C4","7","WaterTemperature"
"USBR",2025-07-12,24,23,"SAL","C4","7","WaterTemperature"
"USBR",2025-07-13,24,22.8,"SAL","C4","7","WaterTemperature"
"USBR",2025-07-14,24,22.9,"SAL","C4","7","WaterTemperature"
"USBR",2025-07-15,24,22.8,"SAL","C4","7","WaterTemperature"
"USBR",2025-07-16,24,22.5,"SAL","C4","7","WaterTemperature"
"USBR",2025-07-17,24,22.2,"SAL","C4","7","WaterTemperature"
"USBR",2025-07-18,24,22.1,"SAL","C4","7","WaterTemperature"
"USBR",2025-07-19,24,22,"SAL","C4","7","WaterTemperature"
"USBR",2025-07-20,24,22,"SAL","C4","7","WaterTemperature"
"USBR",2025-07-21,24,22,"SAL","C4","7","WaterTemperature"
"USBR",2025-07-22,24,21.8,"SAL","C4","7","WaterTemperature"
"USBR",2025-07-23,24,21.5,"SAL","C4","7","WaterTemperature"
"USBR",2025-07-24,24,21.4,"SAL","C4","7","WaterTemperature"
"USBR",2025-07-25,24,21.2,"SAL","C4","7","WaterTemperature"
"USBR",2025-07-26,24,21,"SAL","C4","7","WaterTemperature"
"USBR",2025-07-27,24,21.1,"SAL","C4","7","WaterTemperature"
"USBR",2025-07-28,24,21.4,"SAL","C4","7","WaterTemperature"
"USBR",2025-07-29,24,21.8,"SAL","C4","7","WaterTemperature"
"USBR",2025-07-30,24,22,"SAL","C4","7","WaterTemperature"
"USBR",2025-07-31,24,22.2,"SAL","C4","7","WaterTemperature"
"USBR",2025-08-01,24,22.5,"SAL","C4","8","WaterTemperature"
"USBR",2025-08-02,24,22.6,"SAL","C4","8","WaterTemperature"
"USBR",2025-08-03,24,22.7,"SAL","C4","8","WaterTemperature"
"USBR",2025-08-04,24,22.5,"SAL","C4","8","WaterTemperature"
"USBR",2025-08-05,24,22.6,"SAL","C4","8","WaterTemperature"
"USBR",2025-08-06,24,22.8,"SAL","C4","8","WaterTemperature"
"USBR",2025-08-07,24,23.2,"SAL","C4","8","WaterTemperature"
"USBR",2025-08-08,24,23.4,"SAL","C4","8","WaterTemperature"
"USBR",2025-08-09,24,23.7,"SAL","C4","8","WaterTemperature"
"USBR",2025-08-10,24,23.7,"SAL","C4","8","WaterTemperature"
"USBR",2025-08-11,24,23.5,"SAL","C4","8","WaterTemperature"
"USBR",2025-08-12,24,23.2,"SAL","C4","8","WaterTemperature"
"USBR",2025-08-13,24,22.9,"SAL","C4","8","WaterTemperature"
"USBR",2025-08-14,24,22.7,"SAL","C4","8","WaterTemperature"
"USBR",2025-08-15,24,23,"SAL","C4","8","WaterTemperature"
"USBR",2025-08-16,24,23.2,"SAL","C4","8","WaterTemperature"
"USBR",2025-08-17,24,23,"SAL","C4","8","WaterTemperature"
"USBR",2025-08-18,24,22.8,"SAL","C4","8","WaterTemperature"
"USBR",2025-08-19,24,22.8,"SAL","C4","8","WaterTemperature"
"USBR",2025-08-20,24,23,"SAL","C4","8","WaterTemperature"
"USBR",2025-08-21,24,23.2,"SAL","C4","8","WaterTemperature"
"USBR",2025-08-22,24,23.5,"SAL","C4","8","WaterTemperature"
"USBR",2025-08-23,24,23.6,"SAL","C4","8","WaterTemperature"
"USBR",2025-08-24,24,23.5,"SAL","C4","8","WaterTemperature"
"USBR",2025-08-25,24,23.4,"SAL","C4","8","WaterTemperature"
"USBR",2025-08-26,24,23.3,"SAL","C4","8","WaterTemperature"
"USBR",2025-08-27,24,23.1,"SAL","C4","8","WaterTemperature"
"USBR",2025-08-28,24,23,"SAL","C4","8","WaterTemperature"
"USBR",2025-08-29,24,22.8,"SAL","C4","8","WaterTemperature"
"USBR",2025-08-30,24,22.9,"SAL","C4","8","WaterTemperature"
"USBR",2025-08-31,24,23,"SAL","C4","8","WaterTemperature"
"USBR",2025-09-01,24,23.1,"SAL","C4","9","WaterTemperature"
"USBR",2025-09-02,24,23.2,"SAL","C4","9","WaterTemperature"
"USBR",2025-09-03,24,23.2,"SAL","C4","9","WaterTemperature"
"USBR",2025-09-04,24,22.9,"SAL","C4","9","WaterTemperature"
"USBR",2025-09-05,24,22.6,"SAL","C4","9","WaterTemperature"
"USBR",2025-09-06,24,22.4,"SAL","C4","9","WaterTemperature"
"USBR",2025-09-07,24,22.2,"SAL","C4","9","WaterTemperature"
"USBR",2025-09-08,24,22.2,"SAL","C4","9","WaterTemperature"
"USBR",2025-09-09,24,22.2,"SAL","C4","9","WaterTemperature"
"USBR",2025-09-10,24,22.1,"SAL","C4","9","WaterTemperature"
"USBR",2025-09-11,24,22,"SAL","C4","9","WaterTemperature"
"USBR",2025-09-12,24,22.1,"SAL","C4","9","WaterTemperature"
"USBR",2025-09-13,24,22.1,"SAL","C4","9","WaterTemperature"
"USBR",2025-09-14,24,22,"SAL","C4","9","WaterTemperature"
"USBR",2025-09-15,24,22.2,"SAL","C4","9","WaterTemperature"
"USBR",2025-09-16,24,22.4,"SAL","C4","9","WaterTemperature"
"USBR",2025-09-17,23,22.5,"SAL","C4","9","WaterTemperature"
"USBR",2025-09-18,24,22.6,"SAL","C4","9","WaterTemperature"
"USBR",2025-09-19,24,22.6,"SAL","C4","9","WaterTemperature"
"USBR",2025-09-20,24,22.6,"SAL","C4","9","WaterTemperature"
"USBR",2025-09-21,24,22.6,"SAL","C4","9","WaterTemperature"
"USBR",2025-09-22,24,22.6,"SAL","C4","9","WaterTemperature"
"USBR",2025-09-23,24,22.7,"SAL","C4","9","WaterTemperature"
"USBR",2025-09-24,24,22.5,"SAL","C4","9","WaterTemperature"
"USBR",2025-09-25,24,22.3,"SAL","C4","9","WaterTemperature"
"USBR",2025-09-26,24,22.1,"SAL","C4","9","WaterTemperature"
"USBR",2025-09-27,24,22.1,"SAL","C4","9","WaterTemperature"
"USBR",2025-09-28,23,21.7,"SAL","C4","9","WaterTemperature"
"USBR",2025-09-29,18,21.3,"SAL","C4","9","WaterTemperature"
"USBR",2025-09-30,13,21.5,"SAL","C4","9","WaterTemperature"
"USBR",2024-10-01,22,22.9,"UNI","C8","10","WaterTemperature"
"USBR",2024-10-02,24,22.9,"UNI","C8","10","WaterTemperature"
"USBR",2024-10-03,22,23.3,"UNI","C8","10","WaterTemperature"
"USBR",2024-10-04,22,23.5,"UNI","C8","10","WaterTemperature"
"USBR",2024-10-05,21,23.6,"UNI","C8","10","WaterTemperature"
"USBR",2024-10-06,22,23.6,"UNI","C8","10","WaterTemperature"
"USBR",2024-10-07,24,23.6,"UNI","C8","10","WaterTemperature"
"USBR",2024-10-08,24,23.4,"UNI","C8","10","WaterTemperature"
"USBR",2024-10-09,24,23,"UNI","C8","10","WaterTemperature"
"USBR",2024-10-10,24,22.6,"UNI","C8","10","WaterTemperature"
"USBR",2024-10-11,24,22.1,"UNI","C8","10","WaterTemperature"
"USBR",2024-10-12,24,21.4,"UNI","C8","10","WaterTemperature"
"USBR",2024-10-13,24,20.5,"UNI","C8","10","WaterTemperature"
"USBR",2024-10-14,24,20,"UNI","C8","10","WaterTemperature"
"USBR",2024-10-15,24,20,"UNI","C8","10","WaterTemperature"
"USBR",2024-10-16,24,19.8,"UNI","C8","10","WaterTemperature"
"USBR",2024-10-17,24,19.3,"UNI","C8","10","WaterTemperature"
"USBR",2024-10-18,24,18,"UNI","C8","10","WaterTemperature"
"USBR",2024-10-19,24,16.9,"UNI","C8","10","WaterTemperature"
"USBR",2024-10-20,24,16.3,"UNI","C8","10","WaterTemperature"
"USBR",2024-10-21,24,15.9,"UNI","C8","10","WaterTemperature"
"USBR",2024-10-22,24,16,"UNI","C8","10","WaterTemperature"
"USBR",2024-10-23,24,16.1,"UNI","C8","10","WaterTemperature"
"USBR",2024-10-24,24,16.2,"UNI","C8","10","WaterTemperature"
"USBR",2024-10-25,24,16.3,"UNI","C8","10","WaterTemperature"
"USBR",2024-10-26,24,16.1,"UNI","C8","10","WaterTemperature"
"USBR",2024-10-27,24,15.5,"UNI","C8","10","WaterTemperature"
"USBR",2024-10-28,24,15.6,"UNI","C8","10","WaterTemperature"
"USBR",2024-10-29,24,15.2,"UNI","C8","10","WaterTemperature"
"USBR",2024-10-30,24,15,"UNI","C8","10","WaterTemperature"
"USBR",2024-10-31,24,15.1,"UNI","C8","10","WaterTemperature"
"USBR",2024-11-01,24,15.1,"UNI","C8","11","WaterTemperature"
"USBR",2024-11-02,23,15.2,"UNI","C8","11","WaterTemperature"
"USBR",2024-11-03,23,14.6,"UNI","C8","11","WaterTemperature"
"USBR",2024-11-04,24,14.1,"UNI","C8","11","WaterTemperature"
"USBR",2024-11-05,24,14,"UNI","C8","11","WaterTemperature"
"USBR",2024-11-06,24,13.3,"UNI","C8","11","WaterTemperature"
"USBR",2024-11-07,24,13.2,"UNI","C8","11","WaterTemperature"
"USBR",2024-11-08,24,13.4,"UNI","C8","11","WaterTemperature"
"USBR",2024-11-09,24,13.5,"UNI","C8","11","WaterTemperature"
"USBR",2024-11-10,24,13.5,"UNI","C8","11","WaterTemperature"
"USBR",2024-11-11,24,13.2,"UNI","C8","11","WaterTemperature"
"USBR",2024-11-12,24,12.9,"UNI","C8","11","WaterTemperature"
"USBR",2024-11-13,24,12.7,"UNI","C8","11","WaterTemperature"
"USBR",2024-11-14,24,12.8,"UNI","C8","11","WaterTemperature"
"USBR",2024-11-15,24,12.8,"UNI","C8","11","WaterTemperature"
"USBR",2024-11-16,24,12.3,"UNI","C8","11","WaterTemperature"
"USBR",2024-11-17,24,11.8,"UNI","C8","11","WaterTemperature"
"USBR",2024-11-18,24,11.7,"UNI","C8","11","WaterTemperature"
"USBR",2024-11-19,24,11.3,"UNI","C8","11","WaterTemperature"
"USBR",2024-11-20,24,11,"UNI","C8","11","WaterTemperature"
"USBR",2024-11-21,24,11,"UNI","C8","11","WaterTemperature"
"USBR",2024-11-22,24,11.6,"UNI","C8","11","WaterTemperature"
"USBR",2024-11-23,16,11.9,"UNI","C8","11","WaterTemperature"
"USBR",2024-11-24,16,12.2,"UNI","C8","11","WaterTemperature"
"USBR",2024-11-25,24,12.1,"UNI","C8","11","WaterTemperature"
"USBR",2024-11-26,18,12.5,"UNI","C8","11","WaterTemperature"
"USBR",2024-11-27,10,12.6,"UNI","C8","11","WaterTemperature"
"USBR",2024-11-28,12,12.3,"UNI","C8","11","WaterTemperature"
"USBR",2024-11-29,13,11.7,"UNI","C8","11","WaterTemperature"
"USBR",2024-11-30,11,11.1,"UNI","C8","11","WaterTemperature"
"USBR",2024-12-01,14,11.1,"UNI","C8","12","WaterTemperature"
"USBR",2024-12-02,17,11.6,"UNI","C8","12","WaterTemperature"
"USBR",2024-12-03,17,11.6,"UNI","C8","12","WaterTemperature"
"USBR",2024-12-04,17,11.7,"UNI","C8","12","WaterTemperature"
"USBR",2024-12-05,15,11.8,"UNI","C8","12","WaterTemperature"
"USBR",2024-12-06,13,12,"UNI","C8","12","WaterTemperature"
"USBR",2024-12-07,12,11.6,"UNI","C8","12","WaterTemperature"
"USBR",2024-12-08,10,11.7,"UNI","C8","12","WaterTemperature"
"USBR",2024-12-09,10,11.7,"UNI","C8","12","WaterTemperature"
"USBR",2024-12-10,11,11.3,"UNI","C8","12","WaterTemperature"
"USBR",2024-12-11,8,11.1,"UNI","C8","12","WaterTemperature"
"USBR",2024-12-12,17,10.8,"UNI","C8","12","WaterTemperature"
"USBR",2024-12-13,22,10.9,"UNI","C8","12","WaterTemperature"
"USBR",2024-12-14,24,11.2,"UNI","C8","12","WaterTemperature"
"USBR",2024-12-15,24,11,"UNI","C8","12","WaterTemperature"
"USBR",2024-12-16,24,10.7,"UNI","C8","12","WaterTemperature"
"USBR",2024-12-17,23,10.5,"UNI","C8","12","WaterTemperature"
"USBR",2024-12-18,21,10.3,"UNI","C8","12","WaterTemperature"
"USBR",2024-12-19,24,10.3,"UNI","C8","12","WaterTemperature"
"USBR",2024-12-20,24,10.7,"UNI","C8","12","WaterTemperature"
"USBR",2024-12-21,24,11.1,"UNI","C8","12","WaterTemperature"
"USBR",2024-12-22,24,11.5,"UNI","C8","12","WaterTemperature"
"USBR",2024-12-23,24,12.2,"UNI","C8","12","WaterTemperature"
"USBR",2024-12-24,24,12.7,"UNI","C8","12","WaterTemperature"
"USBR",2024-12-25,24,12.6,"UNI","C8","12","WaterTemperature"
"USBR",2024-12-26,24,12.1,"UNI","C8","12","WaterTemperature"
"USBR",2024-12-27,24,12,"UNI","C8","12","WaterTemperature"
"USBR",2024-12-28,24,12.4,"UNI","C8","12","WaterTemperature"
"USBR",2024-12-29,24,12.9,"UNI","C8","12","WaterTemperature"
"USBR",2024-12-30,24,12.8,"UNI","C8","12","WaterTemperature"
"USBR",2024-12-31,24,12.2,"UNI","C8","12","WaterTemperature"
"USBR",2025-01-01,24,11.5,"UNI","C8","1","WaterTemperature"
"USBR",2025-01-02,24,11.3,"UNI","C8","1","WaterTemperature"
"USBR",2025-01-03,24,11.4,"UNI","C8","1","WaterTemperature"
"USBR",2025-01-04,24,11.1,"UNI","C8","1","WaterTemperature"
"USBR",2025-01-05,24,10.7,"UNI","C8","1","WaterTemperature"
"USBR",2025-01-06,24,10.5,"UNI","C8","1","WaterTemperature"
"USBR",2025-01-07,24,10.3,"UNI","C8","1","WaterTemperature"
"USBR",2025-01-08,24,10.3,"UNI","C8","1","WaterTemperature"
"USBR",2025-01-09,24,10.4,"UNI","C8","1","WaterTemperature"
"USBR",2025-01-10,24,10.4,"UNI","C8","1","WaterTemperature"
"USBR",2025-01-11,24,10.3,"UNI","C8","1","WaterTemperature"
"USBR",2025-01-12,24,10,"UNI","C8","1","WaterTemperature"
"USBR",2025-01-13,24,9.7,"UNI","C8","1","WaterTemperature"
"USBR",2025-01-14,24,9.5,"UNI","C8","1","WaterTemperature"
"USBR",2025-01-15,24,9.4,"UNI","C8","1","WaterTemperature"
"USBR",2025-01-16,24,9.5,"UNI","C8","1","WaterTemperature"
"USBR",2025-01-17,24,9.6,"UNI","C8","1","WaterTemperature"
"USBR",2025-01-18,24,9.7,"UNI","C8","1","WaterTemperature"
"USBR",2025-01-19,24,9.6,"UNI","C8","1","WaterTemperature"
"USBR",2025-01-20,24,9.5,"UNI","C8","1","WaterTemperature"
"USBR",2025-01-21,23,9.4,"UNI","C8","1","WaterTemperature"
"USBR",2025-01-22,20,9.3,"UNI","C8","1","WaterTemperature"
"USBR",2025-01-23,18,9.3,"UNI","C8","1","WaterTemperature"
"USBR",2025-01-24,20,9.3,"UNI","C8","1","WaterTemperature"
"USBR",2025-01-25,22,9.4,"UNI","C8","1","WaterTemperature"
"USBR",2025-01-26,22,9.3,"UNI","C8","1","WaterTemperature"
"USBR",2025-01-27,19,9.2,"UNI","C8","1","WaterTemperature"
"USBR",2025-01-28,21,9.6,"UNI","C8","1","WaterTemperature"
"USBR",2025-01-29,19,9.8,"UNI","C8","1","WaterTemperature"
"USBR",2025-01-30,20,10,"UNI","C8","1","WaterTemperature"
"USBR",2025-01-31,20,9.9,"UNI","C8","1","WaterTemperature"
"USBR",2025-02-01,24,10,"UNI","C8","2","WaterTemperature"
"USBR",2025-02-02,24,10.9,"UNI","C8","2","WaterTemperature"
"USBR",2025-02-03,24,11.3,"UNI","C8","2","WaterTemperature"
"USBR",2025-02-04,24,12.2,"UNI","C8","2","WaterTemperature"
"USBR",2025-02-05,24,12.2,"UNI","C8","2","WaterTemperature"
"USBR",2025-02-06,24,12,"UNI","C8","2","WaterTemperature"
"USBR",2025-02-07,24,12,"UNI","C8","2","WaterTemperature"
"USBR",2025-02-08,24,11.8,"UNI","C8","2","WaterTemperature"
"USBR",2025-02-09,24,11.4,"UNI","C8","2","WaterTemperature"
"USBR",2025-02-10,24,11.1,"UNI","C8","2","WaterTemperature"
"USBR",2025-02-11,24,10.8,"UNI","C8","2","WaterTemperature"
"USBR",2025-02-12,24,10.8,"UNI","C8","2","WaterTemperature"
"USBR",2025-02-13,24,11.2,"UNI","C8","2","WaterTemperature"
"USBR",2025-02-14,24,11.9,"UNI","C8","2","WaterTemperature"
"USBR",2025-02-15,24,12.4,"UNI","C8","2","WaterTemperature"
"USBR",2025-02-16,24,12.3,"UNI","C8","2","WaterTemperature"
"USBR",2025-02-17,24,12.1,"UNI","C8","2","WaterTemperature"
"USBR",2025-02-18,24,12.2,"UNI","C8","2","WaterTemperature"
"USBR",2025-02-19,24,12.7,"UNI","C8","2","WaterTemperature"
"USBR",2025-02-20,24,13.3,"UNI","C8","2","WaterTemperature"
"USBR",2025-02-21,24,13.6,"UNI","C8","2","WaterTemperature"
"USBR",2025-02-22,24,14,"UNI","C8","2","WaterTemperature"
"USBR",2025-02-23,24,14.5,"UNI","C8","2","WaterTemperature"
"USBR",2025-02-24,24,15,"UNI","C8","2","WaterTemperature"
"USBR",2025-02-25,24,15.2,"UNI","C8","2","WaterTemperature"
"USBR",2025-02-26,24,15.2,"UNI","C8","2","WaterTemperature"
"USBR",2025-02-27,24,15.4,"UNI","C8","2","WaterTemperature"
"USBR",2025-02-28,24,15.6,"UNI","C8","2","WaterTemperature"
"USBR",2025-03-01,24,15.7,"UNI","C8","3","WaterTemperature"
"USBR",2025-03-02,24,15.4,"UNI","C8","3","WaterTemperature"
"USBR",2025-03-03,24,14.9,"UNI","C8","3","WaterTemperature"
"USBR",2025-03-04,24,14.8,"UNI","C8","3","WaterTemperature"
"USBR",2025-03-05,24,14.8,"UNI","C8","3","WaterTemperature"
"USBR",2025-03-06,24,14.3,"UNI","C8","3","WaterTemperature"
"USBR",2025-03-07,24,13.9,"UNI","C8","3","WaterTemperature"
"USBR",2025-03-08,24,14.1,"UNI","C8","3","WaterTemperature"
"USBR",2025-03-09,23,14.6,"UNI","C8","3","WaterTemperature"
"USBR",2025-03-10,24,14.8,"UNI","C8","3","WaterTemperature"
"USBR",2025-03-11,24,15.1,"UNI","C8","3","WaterTemperature"
"USBR",2025-03-12,24,15.2,"UNI","C8","3","WaterTemperature"
"USBR",2025-03-13,24,14.6,"UNI","C8","3","WaterTemperature"
"USBR",2025-03-14,24,13.7,"UNI","C8","3","WaterTemperature"
"USBR",2025-03-15,24,13.4,"UNI","C8","3","WaterTemperature"
"USBR",2025-03-16,24,13.7,"UNI","C8","3","WaterTemperature"
"USBR",2025-03-17,24,14,"UNI","C8","3","WaterTemperature"
"USBR",2025-03-18,24,13.7,"UNI","C8","3","WaterTemperature"
"USBR",2025-03-19,24,14.1,"UNI","C8","3","WaterTemperature"
"USBR",2025-03-20,24,14.2,"UNI","C8","3","WaterTemperature"
"USBR",2025-03-21,24,14.5,"UNI","C8","3","WaterTemperature"
"USBR",2025-03-22,24,14.9,"UNI","C8","3","WaterTemperature"
"USBR",2025-03-23,24,15.4,"UNI","C8","3","WaterTemperature"
"USBR",2025-03-24,24,16.4,"UNI","C8","3","WaterTemperature"
"USBR",2025-03-25,24,17.5,"UNI","C8","3","WaterTemperature"
"USBR",2025-03-26,24,18.5,"UNI","C8","3","WaterTemperature"
"USBR",2025-03-27,24,19,"UNI","C8","3","WaterTemperature"
"USBR",2025-03-28,24,18.8,"UNI","C8","3","WaterTemperature"
"USBR",2025-03-29,24,18,"UNI","C8","3","WaterTemperature"
"USBR",2025-03-30,24,17.4,"UNI","C8","3","WaterTemperature"
"USBR",2025-03-31,24,17.3,"UNI","C8","3","WaterTemperature"
"USBR",2025-04-01,24,16.5,"UNI","C8","4","WaterTemperature"
"USBR",2025-04-02,24,16.1,"UNI","C8","4","WaterTemperature"
"USBR",2025-04-03,24,16.3,"UNI","C8","4","WaterTemperature"
"USBR",2025-04-04,24,16.6,"UNI","C8","4","WaterTemperature"
"USBR",2025-04-05,24,17.1,"UNI","C8","4","WaterTemperature"
"USBR",2025-04-06,24,17.7,"UNI","C8","4","WaterTemperature"
"USBR",2025-04-07,24,18.1,"UNI","C8","4","WaterTemperature"
"USBR",2025-04-08,24,18.3,"UNI","C8","4","WaterTemperature"
"USBR",2025-04-09,24,19,"UNI","C8","4","WaterTemperature"
"USBR",2025-04-10,24,19.8,"UNI","C8","4","WaterTemperature"
"USBR",2025-04-11,24,20,"UNI","C8","4","WaterTemperature"
"USBR",2025-04-12,24,19.6,"UNI","C8","4","WaterTemperature"
"USBR",2025-04-13,24,19.6,"UNI","C8","4","WaterTemperature"
"USBR",2025-04-14,24,19.8,"UNI","C8","4","WaterTemperature"
"USBR",2025-04-15,24,19.8,"UNI","C8","4","WaterTemperature"
"USBR",2025-04-16,24,19.6,"UNI","C8","4","WaterTemperature"
"USBR",2025-04-17,24,19.2,"UNI","C8","4","WaterTemperature"
"USBR",2025-04-18,24,18.7,"UNI","C8","4","WaterTemperature"
"USBR",2025-04-19,24,18.6,"UNI","C8","4","WaterTemperature"
"USBR",2025-04-20,24,18.6,"UNI","C8","4","WaterTemperature"
"USBR",2025-04-21,24,19,"UNI","C8","4","WaterTemperature"
"USBR",2025-04-22,24,19.8,"UNI","C8","4","WaterTemperature"
"USBR",2025-04-23,24,19.5,"UNI","C8","4","WaterTemperature"
"USBR",2025-04-24,24,19.1,"UNI","C8","4","WaterTemperature"
"USBR",2025-04-25,24,18.2,"UNI","C8","4","WaterTemperature"
"USBR",2025-04-26,24,17.6,"UNI","C8","4","WaterTemperature"
"USBR",2025-04-27,24,16.5,"UNI","C8","4","WaterTemperature"
"USBR",2025-04-28,24,16.2,"UNI","C8","4","WaterTemperature"
"USBR",2025-04-29,23,17.5,"UNI","C8","4","WaterTemperature"
"USBR",2025-04-30,24,18.9,"UNI","C8","4","WaterTemperature"
"USBR",2025-05-01,24,20,"UNI","C8","5","WaterTemperature"
"USBR",2025-05-02,24,20.5,"UNI","C8","5","WaterTemperature"
"USBR",2025-05-03,24,20.1,"UNI","C8","5","WaterTemperature"
"USBR",2025-05-04,24,18.7,"UNI","C8","5","WaterTemperature"
"USBR",2025-05-05,24,18.1,"UNI","C8","5","WaterTemperature"
"USBR",2025-05-06,24,18.7,"UNI","C8","5","WaterTemperature"
"USBR",2025-05-07,24,19.4,"UNI","C8","5","WaterTemperature"
"USBR",2025-05-08,24,20.5,"UNI","C8","5","WaterTemperature"
"USBR",2025-05-09,24,21.7,"UNI","C8","5","WaterTemperature"
"USBR",2025-05-10,24,22.6,"UNI","C8","5","WaterTemperature"
"USBR",2025-05-11,24,21.9,"UNI","C8","5","WaterTemperature"
"USBR",2025-05-12,24,19.8,"UNI","C8","5","WaterTemperature"
"USBR",2025-05-13,24,18.4,"UNI","C8","5","WaterTemperature"
"USBR",2025-05-14,24,18.4,"UNI","C8","5","WaterTemperature"
"USBR",2025-05-15,24,19.4,"UNI","C8","5","WaterTemperature"
"USBR",2025-05-16,24,20.6,"UNI","C8","5","WaterTemperature"
"USBR",2025-05-17,24,20.4,"UNI","C8","5","WaterTemperature"
"USBR",2025-05-18,24,19.5,"UNI","C8","5","WaterTemperature"
"USBR",2025-05-19,24,19.4,"UNI","C8","5","WaterTemperature"
"USBR",2025-05-20,23,20,"UNI","C8","5","WaterTemperature"
"USBR",2025-05-21,24,20.4,"UNI","C8","5","WaterTemperature"
"USBR",2025-05-22,24,20.7,"UNI","C8","5","WaterTemperature"
"USBR",2025-05-23,24,20.2,"UNI","C8","5","WaterTemperature"
"USBR",2025-05-24,24,19.8,"UNI","C8","5","WaterTemperature"
"USBR",2025-05-25,24,18.9,"UNI","C8","5","WaterTemperature"
"USBR",2025-05-26,24,18.7,"UNI","C8","5","WaterTemperature"
"USBR",2025-05-27,24,19.3,"UNI","C8","5","WaterTemperature"
"USBR",2025-05-28,24,19.6,"UNI","C8","5","WaterTemperature"
"USBR",2025-05-29,24,19.2,"UNI","C8","5","WaterTemperature"
"USBR",2025-05-30,24,20.1,"UNI","C8","5","WaterTemperature"
"USBR",2025-05-31,24,21,"UNI","C8","5","WaterTemperature"
"USBR",2025-06-01,24,21,"UNI","C8","6","WaterTemperature"
"USBR",2025-06-02,24,21.1,"UNI","C8","6","WaterTemperature"
"USBR",2025-06-03,24,21.4,"UNI","C8","6","WaterTemperature"
"USBR",2025-06-04,24,21.5,"UNI","C8","6","WaterTemperature"
"USBR",2025-06-05,24,21.4,"UNI","C8","6","WaterTemperature"
"USBR",2025-06-06,24,21.4,"UNI","C8","6","WaterTemperature"
"USBR",2025-06-07,24,21.6,"UNI","C8","6","WaterTemperature"
"USBR",2025-06-08,24,21.7,"UNI","C8","6","WaterTemperature"
"USBR",2025-06-09,24,21.7,"UNI","C8","6","WaterTemperature"
"USBR",2025-06-10,24,21.8,"UNI","C8","6","WaterTemperature"
"USBR",2025-06-11,24,21.1,"UNI","C8","6","WaterTemperature"
"USBR",2025-06-12,24,20.5,"UNI","C8","6","WaterTemperature"
"USBR",2025-06-13,24,20.1,"UNI","C8","6","WaterTemperature"
"USBR",2025-06-14,24,20,"UNI","C8","6","WaterTemperature"
"USBR",2025-06-15,24,20.4,"UNI","C8","6","WaterTemperature"
"USBR",2025-06-16,24,20.7,"UNI","C8","6","WaterTemperature"
"USBR",2025-06-17,24,21.4,"UNI","C8","6","WaterTemperature"
"USBR",2025-06-18,24,22.4,"UNI","C8","6","WaterTemperature"
"USBR",2025-06-19,24,23,"UNI","C8","6","WaterTemperature"
"USBR",2025-06-20,24,21.5,"UNI","C8","6","WaterTemperature"
"USBR",2025-06-21,24,20.4,"UNI","C8","6","WaterTemperature"
"USBR",2025-06-22,24,20.7,"UNI","C8","6","WaterTemperature"
"USBR",2025-06-23,24,21.1,"UNI","C8","6","WaterTemperature"
"USBR",2025-06-24,24,21.8,"UNI","C8","6","WaterTemperature"
"USBR",2025-06-25,24,22.1,"UNI","C8","6","WaterTemperature"
"USBR",2025-06-26,24,22.7,"UNI","C8","6","WaterTemperature"
"USBR",2025-06-27,24,23.2,"UNI","C8","6","WaterTemperature"
"USBR",2025-06-28,24,23.3,"UNI","C8","6","WaterTemperature"
"USBR",2025-06-29,24,23.5,"UNI","C8","6","WaterTemperature"
"USBR",2025-06-30,24,23.5,"UNI","C8","6","WaterTemperature"
"USBR",2025-07-01,24,23.9,"UNI","C8","7","WaterTemperature"
"USBR",2025-07-02,24,24.7,"UNI","C8","7","WaterTemperature"
"USBR",2025-07-03,24,25,"UNI","C8","7","WaterTemperature"
"USBR",2025-07-04,24,24.2,"UNI","C8","7","WaterTemperature"
"USBR",2025-07-05,24,23.8,"UNI","C8","7","WaterTemperature"
"USBR",2025-07-06,24,24.1,"UNI","C8","7","WaterTemperature"
"USBR",2025-07-07,24,24.6,"UNI","C8","7","WaterTemperature"
"USBR",2025-07-08,24,25,"UNI","C8","7","WaterTemperature"
"USBR",2025-07-09,24,25.2,"UNI","C8","7","WaterTemperature"
"USBR",2025-07-10,24,25.7,"UNI","C8","7","WaterTemperature"
"USBR",2025-07-11,24,26.5,"UNI","C8","7","WaterTemperature"
"USBR",2025-07-12,24,27.1,"UNI","C8","7","WaterTemperature"
"USBR",2025-07-13,24,27.1,"UNI","C8","7","WaterTemperature"
"USBR",2025-07-14,24,27.3,"UNI","C8","7","WaterTemperature"
"USBR",2025-07-15,24,27.2,"UNI","C8","7","WaterTemperature"
"USBR",2025-07-16,24,26.9,"UNI","C8","7","WaterTemperature"
"USBR",2025-07-17,24,26.5,"UNI","C8","7","WaterTemperature"
"USBR",2025-07-18,24,26.4,"UNI","C8","7","WaterTemperature"
"USBR",2025-07-19,24,26.2,"UNI","C8","7","WaterTemperature"
"USBR",2025-07-20,24,26.1,"UNI","C8","7","WaterTemperature"
"USBR",2025-07-21,24,25.2,"UNI","C8","7","WaterTemperature"
"USBR",2025-07-22,24,24.5,"UNI","C8","7","WaterTemperature"
"USBR",2025-07-23,24,24.4,"UNI","C8","7","WaterTemperature"
"USBR",2025-07-24,24,24.6,"UNI","C8","7","WaterTemperature"
"USBR",2025-07-25,24,24.6,"UNI","C8","7","WaterTemperature"
"USBR",2025-07-26,24,24.2,"UNI","C8","7","WaterTemperature"
"USBR",2025-07-27,24,24.3,"UNI","C8","7","WaterTemperature"
"USBR",2025-07-28,24,24.2,"UNI","C8","7","WaterTemperature"
"USBR",2025-07-29,24,24.5,"UNI","C8","7","WaterTemperature"
"USBR",2025-07-30,24,24.4,"UNI","C8","7","WaterTemperature"
"USBR",2025-07-31,24,24.9,"UNI","C8","7","WaterTemperature"
"USBR",2025-08-01,24,25.6,"UNI","C8","8","WaterTemperature"
"USBR",2025-08-02,24,25.7,"UNI","C8","8","WaterTemperature"
"USBR",2025-08-03,24,25.6,"UNI","C8","8","WaterTemperature"
"USBR",2025-08-04,24,25.1,"UNI","C8","8","WaterTemperature"
"USBR",2025-08-05,24,24.9,"UNI","C8","8","WaterTemperature"
"USBR",2025-08-06,24,25.5,"UNI","C8","8","WaterTemperature"
"USBR",2025-08-07,24,26.1,"UNI","C8","8","WaterTemperature"
"USBR",2025-08-08,24,26.6,"UNI","C8","8","WaterTemperature"
"USBR",2025-08-09,24,27.2,"UNI","C8","8","WaterTemperature"
"USBR",2025-08-10,24,27.5,"UNI","C8","8","WaterTemperature"
"USBR",2025-08-11,24,27.5,"UNI","C8","8","WaterTemperature"
"USBR",2025-08-12,24,27.1,"UNI","C8","8","WaterTemperature"
"USBR",2025-08-13,24,26.5,"UNI","C8","8","WaterTemperature"
"USBR",2025-08-14,24,26.1,"UNI","C8","8","WaterTemperature"
"USBR",2025-08-15,24,26.1,"UNI","C8","8","WaterTemperature"
"USBR",2025-08-16,24,25.6,"UNI","C8","8","WaterTemperature"
"USBR",2025-08-17,24,25,"UNI","C8","8","WaterTemperature"
"USBR",2025-08-18,24,24.7,"UNI","C8","8","WaterTemperature"
"USBR",2025-08-19,24,24.7,"UNI","C8","8","WaterTemperature"
"USBR",2025-08-20,24,25.1,"UNI","C8","8","WaterTemperature"
"USBR",2025-08-21,24,25.7,"UNI","C8","8","WaterTemperature"
"USBR",2025-08-22,24,26.1,"UNI","C8","8","WaterTemperature"
"USBR",2025-08-23,24,26.5,"UNI","C8","8","WaterTemperature"
"USBR",2025-08-24,24,26.7,"UNI","C8","8","WaterTemperature"
"USBR",2025-08-25,24,26.6,"UNI","C8","8","WaterTemperature"
"USBR",2025-08-26,24,26.8,"UNI","C8","8","WaterTemperature"
"USBR",2025-08-27,23,26.5,"UNI","C8","8","WaterTemperature"
"USBR",2025-08-28,24,26.5,"UNI","C8","8","WaterTemperature"
"USBR",2025-08-29,24,26.2,"UNI","C8","8","WaterTemperature"
"USBR",2025-08-30,24,26.2,"UNI","C8","8","WaterTemperature"
"USBR",2025-08-31,24,26.4,"UNI","C8","8","WaterTemperature"
"USBR",2025-09-01,24,26.6,"UNI","C8","9","WaterTemperature"
"USBR",2025-09-02,24,26.8,"UNI","C8","9","WaterTemperature"
"USBR",2025-09-03,24,26.7,"UNI","C8","9","WaterTemperature"
"USBR",2025-09-04,24,26.4,"UNI","C8","9","WaterTemperature"
"USBR",2025-09-05,24,25.6,"UNI","C8","9","WaterTemperature"
"USBR",2025-09-06,24,25.1,"UNI","C8","9","WaterTemperature"
"USBR",2025-09-07,24,24.6,"UNI","C8","9","WaterTemperature"
"USBR",2025-09-08,24,24.6,"UNI","C8","9","WaterTemperature"
"USBR",2025-09-09,24,24.6,"UNI","C8","9","WaterTemperature"
"USBR",2025-09-10,24,24.3,"UNI","C8","9","WaterTemperature"
"USBR",2025-09-11,24,24.1,"UNI","C8","9","WaterTemperature"
"USBR",2025-09-12,24,23.9,"UNI","C8","9","WaterTemperature"
"USBR",2025-09-13,24,23.7,"UNI","C8","9","WaterTemperature"
"USBR",2025-09-14,24,23.7,"UNI","C8","9","WaterTemperature"
"USBR",2025-09-15,24,24.1,"UNI","C8","9","WaterTemperature"
"USBR",2025-09-16,24,24.7,"UNI","C8","9","WaterTemperature"
"USBR",2025-09-17,24,25,"UNI","C8","9","WaterTemperature"
"USBR",2025-09-18,24,24.9,"UNI","C8","9","WaterTemperature"
"USBR",2025-09-19,24,24.8,"UNI","C8","9","WaterTemperature"
"USBR",2025-09-20,24,24.8,"UNI","C8","9","WaterTemperature"
"USBR",2025-09-21,24,24.8,"UNI","C8","9","WaterTemperature"
"USBR",2025-09-22,24,24.7,"UNI","C8","9","WaterTemperature"
"USBR",2025-09-23,24,25.1,"UNI","C8","9","WaterTemperature"
"USBR",2025-09-24,24,24.9,"UNI","C8","9","WaterTemperature"
"USBR",2025-09-25,24,24.5,"UNI","C8","9","WaterTemperature"
"USBR",2025-09-26,24,24,"UNI","C8","9","WaterTemperature"
"USBR",2025-09-27,24,23.9,"UNI","C8","9","WaterTemperature"
"USBR",2025-09-28,23,23.7,"UNI","C8","9","WaterTemperature"
"USBR",2025-09-29,18,23.4,"UNI","C8","9","WaterTemperature"
"USBR",2025-09-30,13,23.2,"UNI","C8","9","WaterTemperature"
